<profile>

<section name = "Vitis HLS Report for 'L1_conv2d'" level="0">
<item name = "Date">Fri Jul  1 19:48:45 2022
</item>
<item name = "Version">2020.1 (Build 2902540 on Wed May 27 20:16:15 MDT 2020)</item>
<item name = "Project">OpenNNA_HLS_Network</item>
<item name = "Solution">OpenNNA_HLS_Network_solution1 (Vivado IP Flow Target)</item>
<item name = "Product family">zynq</item>
<item name = "Target device">xc7z020-clg400-2</item>
</section>

<section name = "Performance Estimates" level="0">
<item name = "Timing">
<section name = "" level="1">
<item name = "Summary"><table name="" hasTotal="0">
<keys size="4">Clock, Target, Estimated, Uncertainty</keys>
<column name="ap_clk">10.00 ns, 7.155 ns, 2.70 ns</column>
</table>
</item>
</section>
</item>
<item name = "Latency">
<section name = "" level="1">
<item name = "Summary"><table name="" hasTotal="0">
<keys size="8">, min, max, min, max, min, max, Type</keys>
<column name="">72007, 72007, 0.720 ms, 0.720 ms, 72007, 72007, none</column>
</table>
</item>
<item name = "Detail">
<section name = "" level="1">
<item name = "Instance"><table name="" hasTotal="0">
<keys size="9">Instance, Module, min, max, min, max, min, max, Type</keys>
</table>
</item>
<item name = "Loop"><table name="" hasTotal="0">
<keys size="8">Loop Name, min, max, Latency, achieved, target, Count, Pipelined</keys>
<column name="- VITIS_LOOP_45_1_VITIS_LOOP_49_3_VITIS_LOOP_51_4">72005, 72005, 11, 5, 1, 14400, yes</column>
</table>
</item>
</section>
</item>
</section>
</item>
</section>

<section name = "Utilization Estimates" level="0">
<item name = "Summary"><table name="" hasTotal="1">
<keys size="6">Name, BRAM_18K, DSP, FF, LUT, URAM</keys>
<column name="DSP">-, 9, -, -, -</column>
<column name="Expression">-, -, 0, 1690, -</column>
<column name="FIFO">-, -, -, -, -</column>
<column name="Instance">-, -, -, -, -</column>
<column name="Memory">0, -, 63, 18, -</column>
<column name="Multiplexer">-, -, -, 48, -</column>
<column name="Register">-, -, 469, -, -</column>
<specialColumn name="Available">280, 220, 106400, 53200, 0</specialColumn>
<specialColumn name="Utilization (%)">0, 4, ~0, 3, 0</specialColumn>
</table>
</item>
<item name = "Detail">
<section name = "" level="1">
<item name = "Instance"><table name="" hasTotal="1">
<keys size="7">Instance, Module, BRAM_18K, DSP, FF, LUT, URAM</keys>
</table>
</item>
<item name = "DSP"><table name="" hasTotal="0">
<keys size="3">Instance, Module, Expression</keys>
<column name="mul_mul_16s_7s_23_4_1_U1">mul_mul_16s_7s_23_4_1, i0 * i1</column>
<column name="mul_mul_16s_7s_23_4_1_U2">mul_mul_16s_7s_23_4_1, i0 * i1</column>
<column name="mul_mul_16s_7s_23_4_1_U3">mul_mul_16s_7s_23_4_1, i0 * i1</column>
<column name="mul_mul_16s_7s_23_4_1_U4">mul_mul_16s_7s_23_4_1, i0 * i1</column>
<column name="mul_mul_16s_7s_23_4_1_U5">mul_mul_16s_7s_23_4_1, i0 * i1</column>
<column name="mul_mul_16s_7s_23_4_1_U6">mul_mul_16s_7s_23_4_1, i0 * i1</column>
<column name="mul_mul_16s_7s_23_4_1_U7">mul_mul_16s_7s_23_4_1, i0 * i1</column>
<column name="mul_mul_16s_7s_23_4_1_U8">mul_mul_16s_7s_23_4_1, i0 * i1</column>
<column name="mul_mul_16s_7s_23_4_1_U9">mul_mul_16s_7s_23_4_1, i0 * i1</column>
</table>
</item>
<item name = "Memory"><table name="" hasTotal="1">
<keys size="10">Memory, Module, BRAM_18K, FF, LUT, URAM, Words, Bits, Banks, W*Bits*Banks</keys>
<column name="L1_Kernel_V_0_0_0_U">L1_conv2d_L1_Kernel_V_0_0_0, 0, 7, 2, 0, 16, 7, 1, 112</column>
<column name="L1_Kernel_V_0_0_1_U">L1_conv2d_L1_Kernel_V_0_0_1, 0, 7, 2, 0, 16, 7, 1, 112</column>
<column name="L1_Kernel_V_0_0_2_U">L1_conv2d_L1_Kernel_V_0_0_2, 0, 7, 2, 0, 16, 7, 1, 112</column>
<column name="L1_Kernel_V_0_1_0_U">L1_conv2d_L1_Kernel_V_0_1_0, 0, 7, 2, 0, 16, 7, 1, 112</column>
<column name="L1_Kernel_V_0_1_1_U">L1_conv2d_L1_Kernel_V_0_1_1, 0, 7, 2, 0, 16, 7, 1, 112</column>
<column name="L1_Kernel_V_0_1_2_U">L1_conv2d_L1_Kernel_V_0_1_2, 0, 7, 2, 0, 16, 7, 1, 112</column>
<column name="L1_Kernel_V_0_2_0_U">L1_conv2d_L1_Kernel_V_0_2_0, 0, 7, 2, 0, 16, 7, 1, 112</column>
<column name="L1_Kernel_V_0_2_1_U">L1_conv2d_L1_Kernel_V_0_2_1, 0, 7, 2, 0, 16, 7, 1, 112</column>
<column name="L1_Kernel_V_0_2_2_U">L1_conv2d_L1_Kernel_V_0_2_2, 0, 7, 2, 0, 16, 7, 1, 112</column>
</table>
</item>
<item name = "FIFO"><table name="" hasTotal="1">
<keys size="8">Name, BRAM_18K, FF, LUT, URAM, Depth, Bits, Size:D*B</keys>
</table>
</item>
<item name = "Expression"><table name="" hasTotal="1">
<keys size="7">Variable Name, Operation, DSP, FF, LUT, Bitwidth P0, Bitwidth P1</keys>
<column name="add_ln1192_73_fu_1265_p2">+, 0, 0, 17, 17, 17</column>
<column name="add_ln1192_74_fu_1748_p2">+, 0, 0, 17, 17, 17</column>
<column name="add_ln1192_75_fu_1847_p2">+, 0, 0, 17, 17, 17</column>
<column name="add_ln1192_76_fu_2326_p2">+, 0, 0, 17, 17, 17</column>
<column name="add_ln1192_77_fu_2425_p2">+, 0, 0, 17, 17, 17</column>
<column name="add_ln1192_78_fu_2904_p2">+, 0, 0, 17, 17, 17</column>
<column name="add_ln1192_79_fu_3003_p2">+, 0, 0, 17, 17, 17</column>
<column name="add_ln1192_80_fu_3292_p2">+, 0, 0, 17, 17, 17</column>
<column name="add_ln1192_fu_1166_p2">+, 0, 0, 17, 17, 17</column>
<column name="add_ln415_73_fu_985_p2">+, 0, 0, 16, 16, 16</column>
<column name="add_ln415_74_fu_1396_p2">+, 0, 0, 16, 16, 16</column>
<column name="add_ln415_75_fu_1586_p2">+, 0, 0, 16, 16, 16</column>
<column name="add_ln415_76_fu_1978_p2">+, 0, 0, 16, 16, 16</column>
<column name="add_ln415_77_fu_2168_p2">+, 0, 0, 16, 16, 16</column>
<column name="add_ln415_78_fu_2556_p2">+, 0, 0, 16, 16, 16</column>
<column name="add_ln415_79_fu_2746_p2">+, 0, 0, 16, 16, 16</column>
<column name="add_ln415_80_fu_3134_p2">+, 0, 0, 16, 16, 16</column>
<column name="add_ln415_fu_795_p2">+, 0, 0, 16, 16, 16</column>
<column name="add_ln45_1_fu_374_p2">+, 0, 0, 14, 14, 1</column>
<column name="add_ln45_fu_380_p2">+, 0, 0, 7, 1, 5</column>
<column name="add_ln49_fu_470_p2">+, 0, 0, 10, 1, 10</column>
<column name="add_ln57_1_fu_636_p2">+, 0, 0, 7, 2, 5</column>
<column name="add_ln57_fu_570_p2">+, 0, 0, 7, 1, 5</column>
<column name="add_ln703_10_fu_1762_p2">+, 0, 0, 16, 16, 16</column>
<column name="add_ln703_11_fu_1861_p2">+, 0, 0, 16, 16, 16</column>
<column name="add_ln703_12_fu_2340_p2">+, 0, 0, 16, 16, 16</column>
<column name="add_ln703_13_fu_2439_p2">+, 0, 0, 16, 16, 16</column>
<column name="add_ln703_14_fu_2918_p2">+, 0, 0, 16, 16, 16</column>
<column name="add_ln703_15_fu_3017_p2">+, 0, 0, 16, 16, 16</column>
<column name="add_ln703_16_fu_3306_p2">+, 0, 0, 16, 16, 16</column>
<column name="add_ln703_9_fu_1279_p2">+, 0, 0, 16, 16, 16</column>
<column name="add_ln703_fu_1180_p2">+, 0, 0, 16, 16, 16</column>
<column name="empty_147_fu_513_p2">+, 0, 0, 14, 63, 63</column>
<column name="empty_151_fu_458_p2">+, 0, 0, 7, 1, 5</column>
<column name="empty_152_fu_464_p2">+, 0, 0, 7, 2, 5</column>
<column name="empty_153_fu_552_p2">+, 0, 0, 14, 14, 14</column>
<column name="p_dup_fu_438_p2">+, 0, 0, 7, 1, 5</column>
<column name="p_mid13_fu_695_p2">+, 0, 0, 7, 2, 5</column>
<column name="p_mid1_fu_594_p2">+, 0, 0, 7, 2, 5</column>
<column name="empty_146_fu_498_p2">-, 0, 0, 14, 63, 63</column>
<column name="empty_150_fu_543_p2">-, 0, 0, 14, 14, 14</column>
<column name="and_ln416_73_fu_1005_p2">and, 0, 0, 1, 1, 1</column>
<column name="and_ln416_74_fu_1416_p2">and, 0, 0, 1, 1, 1</column>
<column name="and_ln416_75_fu_1606_p2">and, 0, 0, 1, 1, 1</column>
<column name="and_ln416_76_fu_1998_p2">and, 0, 0, 1, 1, 1</column>
<column name="and_ln416_77_fu_2188_p2">and, 0, 0, 1, 1, 1</column>
<column name="and_ln416_78_fu_2576_p2">and, 0, 0, 1, 1, 1</column>
<column name="and_ln416_79_fu_2766_p2">and, 0, 0, 1, 1, 1</column>
<column name="and_ln416_80_fu_3154_p2">and, 0, 0, 1, 1, 1</column>
<column name="and_ln416_fu_815_p2">and, 0, 0, 1, 1, 1</column>
<column name="and_ln45_fu_432_p2">and, 0, 0, 1, 1, 1</column>
<column name="and_ln780_72_fu_1055_p2">and, 0, 0, 1, 1, 1</column>
<column name="and_ln780_73_fu_1466_p2">and, 0, 0, 1, 1, 1</column>
<column name="and_ln780_74_fu_1656_p2">and, 0, 0, 1, 1, 1</column>
<column name="and_ln780_75_fu_2048_p2">and, 0, 0, 1, 1, 1</column>
<column name="and_ln780_76_fu_2238_p2">and, 0, 0, 1, 1, 1</column>
<column name="and_ln780_77_fu_2626_p2">and, 0, 0, 1, 1, 1</column>
<column name="and_ln780_78_fu_2816_p2">and, 0, 0, 1, 1, 1</column>
<column name="and_ln780_79_fu_3204_p2">and, 0, 0, 1, 1, 1</column>
<column name="and_ln780_fu_865_p2">and, 0, 0, 1, 1, 1</column>
<column name="and_ln781_73_fu_1061_p2">and, 0, 0, 1, 1, 1</column>
<column name="and_ln781_74_fu_1472_p2">and, 0, 0, 1, 1, 1</column>
<column name="and_ln781_75_fu_1662_p2">and, 0, 0, 1, 1, 1</column>
<column name="and_ln781_76_fu_2054_p2">and, 0, 0, 1, 1, 1</column>
<column name="and_ln781_77_fu_2244_p2">and, 0, 0, 1, 1, 1</column>
<column name="and_ln781_78_fu_2632_p2">and, 0, 0, 1, 1, 1</column>
<column name="and_ln781_79_fu_2822_p2">and, 0, 0, 1, 1, 1</column>
<column name="and_ln781_80_fu_3210_p2">and, 0, 0, 1, 1, 1</column>
<column name="and_ln781_fu_871_p2">and, 0, 0, 1, 1, 1</column>
<column name="and_ln785_82_fu_1198_p2">and, 0, 0, 1, 1, 1</column>
<column name="and_ln785_83_fu_1085_p2">and, 0, 0, 1, 1, 1</column>
<column name="and_ln785_84_fu_1298_p2">and, 0, 0, 1, 1, 1</column>
<column name="and_ln785_85_fu_1496_p2">and, 0, 0, 1, 1, 1</column>
<column name="and_ln785_86_fu_1780_p2">and, 0, 0, 1, 1, 1</column>
<column name="and_ln785_87_fu_1686_p2">and, 0, 0, 1, 1, 1</column>
<column name="and_ln785_88_fu_1880_p2">and, 0, 0, 1, 1, 1</column>
<column name="and_ln785_89_fu_2078_p2">and, 0, 0, 1, 1, 1</column>
<column name="and_ln785_90_fu_2358_p2">and, 0, 0, 1, 1, 1</column>
<column name="and_ln785_91_fu_2268_p2">and, 0, 0, 1, 1, 1</column>
<column name="and_ln785_92_fu_2458_p2">and, 0, 0, 1, 1, 1</column>
<column name="and_ln785_93_fu_2656_p2">and, 0, 0, 1, 1, 1</column>
<column name="and_ln785_94_fu_2936_p2">and, 0, 0, 1, 1, 1</column>
<column name="and_ln785_95_fu_2846_p2">and, 0, 0, 1, 1, 1</column>
<column name="and_ln785_96_fu_3036_p2">and, 0, 0, 1, 1, 1</column>
<column name="and_ln785_97_fu_3234_p2">and, 0, 0, 1, 1, 1</column>
<column name="and_ln785_98_fu_3324_p2">and, 0, 0, 1, 1, 1</column>
<column name="and_ln785_fu_895_p2">and, 0, 0, 1, 1, 1</column>
<column name="and_ln786_156_fu_919_p2">and, 0, 0, 1, 1, 1</column>
<column name="and_ln786_157_fu_1210_p2">and, 0, 0, 1, 1, 1</column>
<column name="and_ln786_158_fu_1091_p2">and, 0, 0, 1, 1, 1</column>
<column name="and_ln786_159_fu_1109_p2">and, 0, 0, 1, 1, 1</column>
<column name="and_ln786_160_fu_1310_p2">and, 0, 0, 1, 1, 1</column>
<column name="and_ln786_161_fu_1502_p2">and, 0, 0, 1, 1, 1</column>
<column name="and_ln786_162_fu_1520_p2">and, 0, 0, 1, 1, 1</column>
<column name="and_ln786_163_fu_1792_p2">and, 0, 0, 1, 1, 1</column>
<column name="and_ln786_164_fu_1692_p2">and, 0, 0, 1, 1, 1</column>
<column name="and_ln786_165_fu_1710_p2">and, 0, 0, 1, 1, 1</column>
<column name="and_ln786_166_fu_1892_p2">and, 0, 0, 1, 1, 1</column>
<column name="and_ln786_167_fu_2084_p2">and, 0, 0, 1, 1, 1</column>
<column name="and_ln786_168_fu_2102_p2">and, 0, 0, 1, 1, 1</column>
<column name="and_ln786_169_fu_2370_p2">and, 0, 0, 1, 1, 1</column>
<column name="and_ln786_170_fu_2274_p2">and, 0, 0, 1, 1, 1</column>
<column name="and_ln786_171_fu_2292_p2">and, 0, 0, 1, 1, 1</column>
<column name="and_ln786_172_fu_2470_p2">and, 0, 0, 1, 1, 1</column>
<column name="and_ln786_173_fu_2662_p2">and, 0, 0, 1, 1, 1</column>
<column name="and_ln786_174_fu_2680_p2">and, 0, 0, 1, 1, 1</column>
<column name="and_ln786_175_fu_2948_p2">and, 0, 0, 1, 1, 1</column>
<column name="and_ln786_176_fu_2852_p2">and, 0, 0, 1, 1, 1</column>
<column name="and_ln786_177_fu_2870_p2">and, 0, 0, 1, 1, 1</column>
<column name="and_ln786_178_fu_3048_p2">and, 0, 0, 1, 1, 1</column>
<column name="and_ln786_179_fu_3240_p2">and, 0, 0, 1, 1, 1</column>
<column name="and_ln786_180_fu_3258_p2">and, 0, 0, 1, 1, 1</column>
<column name="and_ln786_181_fu_3336_p2">and, 0, 0, 1, 1, 1</column>
<column name="and_ln786_fu_901_p2">and, 0, 0, 1, 1, 1</column>
<column name="icmp_ln45_fu_368_p2">icmp, 0, 0, 6, 14, 12</column>
<column name="icmp_ln49_fu_386_p2">icmp, 0, 0, 5, 10, 8</column>
<column name="icmp_ln51_fu_426_p2">icmp, 0, 0, 2, 5, 3</column>
<column name="or_ln340_203_fu_1328_p2">or, 0, 0, 1, 1, 1</column>
<column name="or_ln340_204_fu_1810_p2">or, 0, 0, 1, 1, 1</column>
<column name="or_ln340_205_fu_1910_p2">or, 0, 0, 1, 1, 1</column>
<column name="or_ln340_206_fu_2388_p2">or, 0, 0, 1, 1, 1</column>
<column name="or_ln340_207_fu_2488_p2">or, 0, 0, 1, 1, 1</column>
<column name="or_ln340_208_fu_2966_p2">or, 0, 0, 1, 1, 1</column>
<column name="or_ln340_209_fu_3066_p2">or, 0, 0, 1, 1, 1</column>
<column name="or_ln340_210_fu_3354_p2">or, 0, 0, 1, 1, 1</column>
<column name="or_ln340_fu_1228_p2">or, 0, 0, 1, 1, 1</column>
<column name="or_ln384_10_fu_1534_p2">or, 0, 0, 1, 1, 1</column>
<column name="or_ln384_11_fu_1724_p2">or, 0, 0, 1, 1, 1</column>
<column name="or_ln384_12_fu_2116_p2">or, 0, 0, 1, 1, 1</column>
<column name="or_ln384_13_fu_2306_p2">or, 0, 0, 1, 1, 1</column>
<column name="or_ln384_14_fu_2694_p2">or, 0, 0, 1, 1, 1</column>
<column name="or_ln384_15_fu_2884_p2">or, 0, 0, 1, 1, 1</column>
<column name="or_ln384_16_fu_3272_p2">or, 0, 0, 1, 1, 1</column>
<column name="or_ln384_9_fu_1123_p2">or, 0, 0, 1, 1, 1</column>
<column name="or_ln384_fu_933_p2">or, 0, 0, 1, 1, 1</column>
<column name="or_ln49_fu_444_p2">or, 0, 0, 1, 1, 1</column>
<column name="or_ln778_73_fu_1024_p2">or, 0, 0, 1, 1, 1</column>
<column name="or_ln778_74_fu_1435_p2">or, 0, 0, 1, 1, 1</column>
<column name="or_ln778_75_fu_1625_p2">or, 0, 0, 1, 1, 1</column>
<column name="or_ln778_76_fu_2017_p2">or, 0, 0, 1, 1, 1</column>
<column name="or_ln778_77_fu_2207_p2">or, 0, 0, 1, 1, 1</column>
<column name="or_ln778_78_fu_2595_p2">or, 0, 0, 1, 1, 1</column>
<column name="or_ln778_79_fu_2785_p2">or, 0, 0, 1, 1, 1</column>
<column name="or_ln778_80_fu_3173_p2">or, 0, 0, 1, 1, 1</column>
<column name="or_ln778_fu_834_p2">or, 0, 0, 1, 1, 1</column>
<column name="or_ln780_73_fu_1049_p2">or, 0, 0, 1, 1, 1</column>
<column name="or_ln780_74_fu_1460_p2">or, 0, 0, 1, 1, 1</column>
<column name="or_ln780_75_fu_1650_p2">or, 0, 0, 1, 1, 1</column>
<column name="or_ln780_76_fu_2042_p2">or, 0, 0, 1, 1, 1</column>
<column name="or_ln780_77_fu_2232_p2">or, 0, 0, 1, 1, 1</column>
<column name="or_ln780_78_fu_2620_p2">or, 0, 0, 1, 1, 1</column>
<column name="or_ln780_79_fu_2810_p2">or, 0, 0, 1, 1, 1</column>
<column name="or_ln780_80_fu_3198_p2">or, 0, 0, 1, 1, 1</column>
<column name="or_ln780_fu_859_p2">or, 0, 0, 1, 1, 1</column>
<column name="or_ln785_73_fu_1073_p2">or, 0, 0, 1, 1, 1</column>
<column name="or_ln785_74_fu_1484_p2">or, 0, 0, 1, 1, 1</column>
<column name="or_ln785_75_fu_1674_p2">or, 0, 0, 1, 1, 1</column>
<column name="or_ln785_76_fu_2066_p2">or, 0, 0, 1, 1, 1</column>
<column name="or_ln785_77_fu_2256_p2">or, 0, 0, 1, 1, 1</column>
<column name="or_ln785_78_fu_2644_p2">or, 0, 0, 1, 1, 1</column>
<column name="or_ln785_79_fu_2834_p2">or, 0, 0, 1, 1, 1</column>
<column name="or_ln785_80_fu_3222_p2">or, 0, 0, 1, 1, 1</column>
<column name="or_ln785_fu_883_p2">or, 0, 0, 1, 1, 1</column>
<column name="or_ln786_73_fu_1097_p2">or, 0, 0, 1, 1, 1</column>
<column name="or_ln786_74_fu_1508_p2">or, 0, 0, 1, 1, 1</column>
<column name="or_ln786_75_fu_1698_p2">or, 0, 0, 1, 1, 1</column>
<column name="or_ln786_76_fu_2090_p2">or, 0, 0, 1, 1, 1</column>
<column name="or_ln786_77_fu_2280_p2">or, 0, 0, 1, 1, 1</column>
<column name="or_ln786_78_fu_2668_p2">or, 0, 0, 1, 1, 1</column>
<column name="or_ln786_79_fu_2858_p2">or, 0, 0, 1, 1, 1</column>
<column name="or_ln786_80_fu_3246_p2">or, 0, 0, 1, 1, 1</column>
<column name="or_ln786_fu_907_p2">or, 0, 0, 1, 1, 1</column>
<column name="L1_output_fmap_V_d0">select, 0, 0, 16, 1, 16</column>
<column name="select_ln340_147_fu_1250_p3">select, 0, 0, 16, 1, 16</column>
<column name="select_ln340_148_fu_1334_p3">select, 0, 0, 16, 1, 15</column>
<column name="select_ln340_149_fu_1350_p3">select, 0, 0, 16, 1, 16</column>
<column name="select_ln340_150_fu_1816_p3">select, 0, 0, 16, 1, 15</column>
<column name="select_ln340_151_fu_1832_p3">select, 0, 0, 16, 1, 16</column>
<column name="select_ln340_152_fu_1916_p3">select, 0, 0, 16, 1, 15</column>
<column name="select_ln340_153_fu_1932_p3">select, 0, 0, 16, 1, 16</column>
<column name="select_ln340_154_fu_2394_p3">select, 0, 0, 16, 1, 15</column>
<column name="select_ln340_155_fu_2410_p3">select, 0, 0, 16, 1, 16</column>
<column name="select_ln340_156_fu_2494_p3">select, 0, 0, 16, 1, 15</column>
<column name="select_ln340_157_fu_2510_p3">select, 0, 0, 16, 1, 16</column>
<column name="select_ln340_158_fu_2972_p3">select, 0, 0, 16, 1, 15</column>
<column name="select_ln340_159_fu_2988_p3">select, 0, 0, 16, 1, 16</column>
<column name="select_ln340_160_fu_3072_p3">select, 0, 0, 16, 1, 15</column>
<column name="select_ln340_161_fu_3088_p3">select, 0, 0, 16, 1, 16</column>
<column name="select_ln340_162_fu_3360_p3">select, 0, 0, 16, 1, 15</column>
<column name="select_ln340_fu_1234_p3">select, 0, 0, 16, 1, 15</column>
<column name="select_ln384_18_fu_939_p3">select, 0, 0, 16, 1, 16</column>
<column name="select_ln384_19_fu_1115_p3">select, 0, 0, 17, 1, 15</column>
<column name="select_ln384_20_fu_1129_p3">select, 0, 0, 16, 1, 16</column>
<column name="select_ln384_21_fu_1526_p3">select, 0, 0, 17, 1, 15</column>
<column name="select_ln384_22_fu_1540_p3">select, 0, 0, 16, 1, 16</column>
<column name="select_ln384_23_fu_1716_p3">select, 0, 0, 17, 1, 15</column>
<column name="select_ln384_24_fu_1730_p3">select, 0, 0, 16, 1, 16</column>
<column name="select_ln384_25_fu_2108_p3">select, 0, 0, 17, 1, 15</column>
<column name="select_ln384_26_fu_2122_p3">select, 0, 0, 16, 1, 16</column>
<column name="select_ln384_27_fu_2298_p3">select, 0, 0, 17, 1, 15</column>
<column name="select_ln384_28_fu_2312_p3">select, 0, 0, 16, 1, 16</column>
<column name="select_ln384_29_fu_2686_p3">select, 0, 0, 17, 1, 15</column>
<column name="select_ln384_30_fu_2700_p3">select, 0, 0, 16, 1, 16</column>
<column name="select_ln384_31_fu_2876_p3">select, 0, 0, 17, 1, 15</column>
<column name="select_ln384_32_fu_2890_p3">select, 0, 0, 16, 1, 16</column>
<column name="select_ln384_33_fu_3264_p3">select, 0, 0, 17, 1, 15</column>
<column name="select_ln384_34_fu_3278_p3">select, 0, 0, 16, 1, 16</column>
<column name="select_ln384_fu_925_p3">select, 0, 0, 17, 1, 15</column>
<column name="select_ln388_73_fu_1342_p3">select, 0, 0, 17, 1, 17</column>
<column name="select_ln388_74_fu_1824_p3">select, 0, 0, 17, 1, 17</column>
<column name="select_ln388_75_fu_1924_p3">select, 0, 0, 17, 1, 17</column>
<column name="select_ln388_76_fu_2402_p3">select, 0, 0, 17, 1, 17</column>
<column name="select_ln388_77_fu_2502_p3">select, 0, 0, 17, 1, 17</column>
<column name="select_ln388_78_fu_2980_p3">select, 0, 0, 17, 1, 17</column>
<column name="select_ln388_79_fu_3080_p3">select, 0, 0, 17, 1, 17</column>
<column name="select_ln388_80_fu_3368_p3">select, 0, 0, 17, 1, 17</column>
<column name="select_ln388_fu_1242_p3">select, 0, 0, 17, 1, 17</column>
<column name="select_ln45_2_fu_400_p3">select, 0, 0, 5, 1, 5</column>
<column name="select_ln45_3_fu_599_p3">select, 0, 0, 5, 1, 1</column>
<column name="select_ln45_4_fu_700_p3">select, 0, 0, 5, 1, 2</column>
<column name="select_ln45_fu_392_p3">select, 0, 0, 5, 1, 1</column>
<column name="select_ln49_1_fu_504_p3">select, 0, 0, 5, 1, 5</column>
<column name="select_ln49_2_fu_605_p3">select, 0, 0, 5, 1, 5</column>
<column name="select_ln49_3_fu_706_p3">select, 0, 0, 5, 1, 5</column>
<column name="select_ln49_4_fu_745_p3">select, 0, 0, 10, 1, 1</column>
<column name="select_ln49_fu_450_p3">select, 0, 0, 5, 1, 1</column>
<column name="ap_enable_pp0">xor, 0, 0, 2, 1, 2</column>
<column name="xor_ln340_18_fu_1222_p2">xor, 0, 0, 2, 1, 2</column>
<column name="xor_ln340_19_fu_1316_p2">xor, 0, 0, 1, 1, 1</column>
<column name="xor_ln340_20_fu_1322_p2">xor, 0, 0, 2, 1, 2</column>
<column name="xor_ln340_21_fu_1798_p2">xor, 0, 0, 1, 1, 1</column>
<column name="xor_ln340_22_fu_1804_p2">xor, 0, 0, 2, 1, 2</column>
<column name="xor_ln340_23_fu_1898_p2">xor, 0, 0, 1, 1, 1</column>
<column name="xor_ln340_24_fu_1904_p2">xor, 0, 0, 2, 1, 2</column>
<column name="xor_ln340_25_fu_2376_p2">xor, 0, 0, 1, 1, 1</column>
<column name="xor_ln340_26_fu_2382_p2">xor, 0, 0, 2, 1, 2</column>
<column name="xor_ln340_27_fu_2476_p2">xor, 0, 0, 1, 1, 1</column>
<column name="xor_ln340_28_fu_2482_p2">xor, 0, 0, 2, 1, 2</column>
<column name="xor_ln340_29_fu_2954_p2">xor, 0, 0, 1, 1, 1</column>
<column name="xor_ln340_30_fu_2960_p2">xor, 0, 0, 2, 1, 2</column>
<column name="xor_ln340_31_fu_3054_p2">xor, 0, 0, 1, 1, 1</column>
<column name="xor_ln340_32_fu_3060_p2">xor, 0, 0, 2, 1, 2</column>
<column name="xor_ln340_33_fu_3342_p2">xor, 0, 0, 1, 1, 1</column>
<column name="xor_ln340_34_fu_3348_p2">xor, 0, 0, 2, 1, 2</column>
<column name="xor_ln340_fu_1216_p2">xor, 0, 0, 1, 1, 1</column>
<column name="xor_ln416_73_fu_999_p2">xor, 0, 0, 2, 1, 2</column>
<column name="xor_ln416_74_fu_1410_p2">xor, 0, 0, 2, 1, 2</column>
<column name="xor_ln416_75_fu_1600_p2">xor, 0, 0, 2, 1, 2</column>
<column name="xor_ln416_76_fu_1992_p2">xor, 0, 0, 2, 1, 2</column>
<column name="xor_ln416_77_fu_2182_p2">xor, 0, 0, 2, 1, 2</column>
<column name="xor_ln416_78_fu_2570_p2">xor, 0, 0, 2, 1, 2</column>
<column name="xor_ln416_79_fu_2760_p2">xor, 0, 0, 2, 1, 2</column>
<column name="xor_ln416_80_fu_3148_p2">xor, 0, 0, 2, 1, 2</column>
<column name="xor_ln416_fu_809_p2">xor, 0, 0, 2, 1, 2</column>
<column name="xor_ln45_fu_420_p2">xor, 0, 0, 2, 1, 2</column>
<column name="xor_ln778_147_fu_840_p2">xor, 0, 0, 1, 1, 1</column>
<column name="xor_ln778_148_fu_1018_p2">xor, 0, 0, 2, 1, 2</column>
<column name="xor_ln778_149_fu_1030_p2">xor, 0, 0, 1, 1, 1</column>
<column name="xor_ln778_150_fu_1429_p2">xor, 0, 0, 2, 1, 2</column>
<column name="xor_ln778_151_fu_1441_p2">xor, 0, 0, 1, 1, 1</column>
<column name="xor_ln778_152_fu_1619_p2">xor, 0, 0, 2, 1, 2</column>
<column name="xor_ln778_153_fu_1631_p2">xor, 0, 0, 1, 1, 1</column>
<column name="xor_ln778_154_fu_2011_p2">xor, 0, 0, 2, 1, 2</column>
<column name="xor_ln778_155_fu_2023_p2">xor, 0, 0, 1, 1, 1</column>
<column name="xor_ln778_156_fu_2201_p2">xor, 0, 0, 2, 1, 2</column>
<column name="xor_ln778_157_fu_2213_p2">xor, 0, 0, 1, 1, 1</column>
<column name="xor_ln778_158_fu_2589_p2">xor, 0, 0, 2, 1, 2</column>
<column name="xor_ln778_159_fu_2601_p2">xor, 0, 0, 1, 1, 1</column>
<column name="xor_ln778_160_fu_2779_p2">xor, 0, 0, 2, 1, 2</column>
<column name="xor_ln778_161_fu_2791_p2">xor, 0, 0, 1, 1, 1</column>
<column name="xor_ln778_162_fu_3167_p2">xor, 0, 0, 2, 1, 2</column>
<column name="xor_ln778_163_fu_3179_p2">xor, 0, 0, 1, 1, 1</column>
<column name="xor_ln778_fu_828_p2">xor, 0, 0, 2, 1, 2</column>
<column name="xor_ln780_73_fu_1043_p2">xor, 0, 0, 2, 1, 2</column>
<column name="xor_ln780_74_fu_1454_p2">xor, 0, 0, 2, 1, 2</column>
<column name="xor_ln780_75_fu_1644_p2">xor, 0, 0, 2, 1, 2</column>
<column name="xor_ln780_76_fu_2036_p2">xor, 0, 0, 2, 1, 2</column>
<column name="xor_ln780_77_fu_2226_p2">xor, 0, 0, 2, 1, 2</column>
<column name="xor_ln780_78_fu_2614_p2">xor, 0, 0, 2, 1, 2</column>
<column name="xor_ln780_79_fu_2804_p2">xor, 0, 0, 2, 1, 2</column>
<column name="xor_ln780_80_fu_3192_p2">xor, 0, 0, 2, 1, 2</column>
<column name="xor_ln780_fu_853_p2">xor, 0, 0, 2, 1, 2</column>
<column name="xor_ln785_156_fu_889_p2">xor, 0, 0, 2, 1, 2</column>
<column name="xor_ln785_157_fu_1192_p2">xor, 0, 0, 2, 1, 2</column>
<column name="xor_ln785_158_fu_1067_p2">xor, 0, 0, 2, 1, 2</column>
<column name="xor_ln785_159_fu_1079_p2">xor, 0, 0, 2, 1, 2</column>
<column name="xor_ln785_160_fu_1292_p2">xor, 0, 0, 2, 1, 2</column>
<column name="xor_ln785_161_fu_1478_p2">xor, 0, 0, 2, 1, 2</column>
<column name="xor_ln785_162_fu_1490_p2">xor, 0, 0, 2, 1, 2</column>
<column name="xor_ln785_163_fu_1774_p2">xor, 0, 0, 2, 1, 2</column>
<column name="xor_ln785_164_fu_1668_p2">xor, 0, 0, 2, 1, 2</column>
<column name="xor_ln785_165_fu_1680_p2">xor, 0, 0, 2, 1, 2</column>
<column name="xor_ln785_166_fu_1874_p2">xor, 0, 0, 2, 1, 2</column>
<column name="xor_ln785_167_fu_2060_p2">xor, 0, 0, 2, 1, 2</column>
<column name="xor_ln785_168_fu_2072_p2">xor, 0, 0, 2, 1, 2</column>
<column name="xor_ln785_169_fu_2352_p2">xor, 0, 0, 2, 1, 2</column>
<column name="xor_ln785_170_fu_2250_p2">xor, 0, 0, 2, 1, 2</column>
<column name="xor_ln785_171_fu_2262_p2">xor, 0, 0, 2, 1, 2</column>
<column name="xor_ln785_172_fu_2452_p2">xor, 0, 0, 2, 1, 2</column>
<column name="xor_ln785_173_fu_2638_p2">xor, 0, 0, 2, 1, 2</column>
<column name="xor_ln785_174_fu_2650_p2">xor, 0, 0, 2, 1, 2</column>
<column name="xor_ln785_175_fu_2930_p2">xor, 0, 0, 2, 1, 2</column>
<column name="xor_ln785_176_fu_2828_p2">xor, 0, 0, 2, 1, 2</column>
<column name="xor_ln785_177_fu_2840_p2">xor, 0, 0, 2, 1, 2</column>
<column name="xor_ln785_178_fu_3030_p2">xor, 0, 0, 2, 1, 2</column>
<column name="xor_ln785_179_fu_3216_p2">xor, 0, 0, 2, 1, 2</column>
<column name="xor_ln785_180_fu_3228_p2">xor, 0, 0, 2, 1, 2</column>
<column name="xor_ln785_181_fu_3318_p2">xor, 0, 0, 2, 1, 2</column>
<column name="xor_ln785_fu_877_p2">xor, 0, 0, 2, 1, 2</column>
<column name="xor_ln786_82_fu_1204_p2">xor, 0, 0, 2, 1, 2</column>
<column name="xor_ln786_83_fu_1103_p2">xor, 0, 0, 2, 1, 2</column>
<column name="xor_ln786_84_fu_1304_p2">xor, 0, 0, 2, 1, 2</column>
<column name="xor_ln786_85_fu_1514_p2">xor, 0, 0, 2, 1, 2</column>
<column name="xor_ln786_86_fu_1786_p2">xor, 0, 0, 2, 1, 2</column>
<column name="xor_ln786_87_fu_1704_p2">xor, 0, 0, 2, 1, 2</column>
<column name="xor_ln786_88_fu_1886_p2">xor, 0, 0, 2, 1, 2</column>
<column name="xor_ln786_89_fu_2096_p2">xor, 0, 0, 2, 1, 2</column>
<column name="xor_ln786_90_fu_2364_p2">xor, 0, 0, 2, 1, 2</column>
<column name="xor_ln786_91_fu_2286_p2">xor, 0, 0, 2, 1, 2</column>
<column name="xor_ln786_92_fu_2464_p2">xor, 0, 0, 2, 1, 2</column>
<column name="xor_ln786_93_fu_2674_p2">xor, 0, 0, 2, 1, 2</column>
<column name="xor_ln786_94_fu_2942_p2">xor, 0, 0, 2, 1, 2</column>
<column name="xor_ln786_95_fu_2864_p2">xor, 0, 0, 2, 1, 2</column>
<column name="xor_ln786_96_fu_3042_p2">xor, 0, 0, 2, 1, 2</column>
<column name="xor_ln786_97_fu_3252_p2">xor, 0, 0, 2, 1, 2</column>
<column name="xor_ln786_98_fu_3330_p2">xor, 0, 0, 2, 1, 2</column>
<column name="xor_ln786_fu_913_p2">xor, 0, 0, 2, 1, 2</column>
</table>
</item>
<item name = "Multiplexer"><table name="" hasTotal="1">
<keys size="5">Name, LUT, Input Size, Bits, Total Bits</keys>
<column name="L1_output_fmap_V_address0">3, 3, 14, 42</column>
<column name="ap_NS_fsm">4, 8, 1, 8</column>
<column name="ap_enable_reg_pp0_iter2">3, 2, 1, 2</column>
<column name="ap_phi_mux_indvar_flatten33_phi_fu_317_p4">3, 2, 14, 28</column>
<column name="ap_phi_mux_indvar_flatten_phi_fu_339_p4">3, 2, 10, 20</column>
<column name="ap_phi_mux_kernel_number_phi_fu_328_p4">3, 2, 5, 10</column>
<column name="ap_phi_mux_shift_col_num_phi_fu_350_p4">3, 2, 5, 10</column>
<column name="ap_phi_mux_shift_row_num_phi_fu_361_p4">3, 2, 5, 10</column>
<column name="indvar_flatten33_reg_313">3, 2, 14, 28</column>
<column name="indvar_flatten_reg_335">3, 2, 10, 20</column>
<column name="input_fmap_0_address0">4, 6, 10, 60</column>
<column name="input_fmap_0_address1">4, 5, 10, 50</column>
<column name="kernel_number_reg_324">3, 2, 5, 10</column>
<column name="shift_col_num_reg_346">3, 2, 5, 10</column>
<column name="shift_row_num_reg_357">3, 2, 5, 10</column>
</table>
</item>
<item name = "Register"><table name="" hasTotal="1">
<keys size="5">Name, FF, LUT, Bits, Const Bits</keys>
<column name="L1_Kernel_V_0_0_0_load_reg_3605">7, 0, 7, 0</column>
<column name="L1_Kernel_V_0_0_1_load_reg_3610">7, 0, 7, 0</column>
<column name="L1_Kernel_V_0_0_2_load_reg_3615">7, 0, 7, 0</column>
<column name="L1_Kernel_V_0_1_0_load_reg_3620">7, 0, 7, 0</column>
<column name="L1_Kernel_V_0_1_1_load_reg_3625">7, 0, 7, 0</column>
<column name="L1_Kernel_V_0_1_2_load_reg_3630">7, 0, 7, 0</column>
<column name="L1_Kernel_V_0_2_0_load_reg_3635">7, 0, 7, 0</column>
<column name="L1_Kernel_V_0_2_1_load_reg_3640">7, 0, 7, 0</column>
<column name="L1_output_fmap_V_addr_reg_3689">14, 0, 14, 0</column>
<column name="L1_output_fmap_V_addr_reg_3689_pp0_iter1_reg">14, 0, 14, 0</column>
<column name="L1_output_fmap_V_load_reg_3730">16, 0, 16, 0</column>
<column name="add_ln45_1_reg_3497">14, 0, 14, 0</column>
<column name="add_ln49_reg_3600">10, 0, 10, 0</column>
<column name="add_ln57_1_reg_3709">5, 0, 5, 0</column>
<column name="add_ln57_reg_3661">5, 0, 5, 0</column>
<column name="and_ln45_reg_3568">1, 0, 1, 0</column>
<column name="ap_CS_fsm">7, 0, 7, 0</column>
<column name="ap_enable_reg_pp0_iter0">1, 0, 1, 0</column>
<column name="ap_enable_reg_pp0_iter1">1, 0, 1, 0</column>
<column name="ap_enable_reg_pp0_iter2">1, 0, 1, 0</column>
<column name="empty_151_reg_3590">5, 0, 5, 0</column>
<column name="empty_152_reg_3595">5, 0, 5, 0</column>
<column name="empty_153_reg_3651">14, 0, 14, 0</column>
<column name="icmp_ln45_reg_3493">1, 0, 1, 0</column>
<column name="icmp_ln45_reg_3493_pp0_iter1_reg">1, 0, 1, 0</column>
<column name="icmp_ln49_reg_3502">1, 0, 1, 0</column>
<column name="indvar_flatten33_reg_313">14, 0, 14, 0</column>
<column name="indvar_flatten_reg_335">10, 0, 10, 0</column>
<column name="kernel_number_reg_324">5, 0, 5, 0</column>
<column name="p_dup_reg_3575">5, 0, 5, 0</column>
<column name="select_ln340_149_reg_3843">16, 0, 16, 0</column>
<column name="select_ln340_153_reg_3866">16, 0, 16, 0</column>
<column name="select_ln340_157_reg_3884">16, 0, 16, 0</column>
<column name="select_ln340_161_reg_3902">16, 0, 16, 0</column>
<column name="select_ln384_18_reg_3811">16, 0, 16, 0</column>
<column name="select_ln384_20_reg_3817">16, 0, 16, 0</column>
<column name="select_ln384_22_reg_3849">16, 0, 16, 0</column>
<column name="select_ln384_24_reg_3855">16, 0, 16, 0</column>
<column name="select_ln384_26_reg_3872">16, 0, 16, 0</column>
<column name="select_ln384_28_reg_3878">16, 0, 16, 0</column>
<column name="select_ln384_30_reg_3890">16, 0, 16, 0</column>
<column name="select_ln384_32_reg_3896">16, 0, 16, 0</column>
<column name="select_ln384_34_reg_3908">16, 0, 16, 0</column>
<column name="select_ln45_2_reg_3516">5, 0, 5, 0</column>
<column name="select_ln45_reg_3509">5, 0, 5, 0</column>
<column name="select_ln49_1_reg_3645">5, 0, 5, 0</column>
<column name="select_ln49_2_reg_3683">5, 0, 5, 0</column>
<column name="select_ln49_3_reg_3766">5, 0, 5, 0</column>
<column name="select_ln49_4_reg_3791">10, 0, 10, 0</column>
<column name="select_ln49_reg_3580">5, 0, 5, 0</column>
<column name="shift_col_num_reg_346">5, 0, 5, 0</column>
<column name="shift_row_num_reg_357">5, 0, 5, 0</column>
<column name="zext_ln45_reg_3523">5, 0, 64, 59</column>
</table>
</item>
</section>
</item>
</section>

<section name = "Interface" level="0">
<item name = "Summary"><table name="" hasTotal="0">
<keys size="6">RTL Ports, Dir, Bits, Protocol, Source Object, C Type</keys>
<column name="ap_clk">in, 1, ap_ctrl_hs, L1_conv2d, return value</column>
<column name="ap_rst">in, 1, ap_ctrl_hs, L1_conv2d, return value</column>
<column name="ap_start">in, 1, ap_ctrl_hs, L1_conv2d, return value</column>
<column name="ap_done">out, 1, ap_ctrl_hs, L1_conv2d, return value</column>
<column name="ap_idle">out, 1, ap_ctrl_hs, L1_conv2d, return value</column>
<column name="ap_ready">out, 1, ap_ctrl_hs, L1_conv2d, return value</column>
<column name="input_fmap_0_address0">out, 10, ap_memory, input_fmap_0, array</column>
<column name="input_fmap_0_ce0">out, 1, ap_memory, input_fmap_0, array</column>
<column name="input_fmap_0_q0">in, 16, ap_memory, input_fmap_0, array</column>
<column name="input_fmap_0_address1">out, 10, ap_memory, input_fmap_0, array</column>
<column name="input_fmap_0_ce1">out, 1, ap_memory, input_fmap_0, array</column>
<column name="input_fmap_0_q1">in, 16, ap_memory, input_fmap_0, array</column>
<column name="L1_output_fmap_V_address0">out, 14, ap_memory, L1_output_fmap_V, array</column>
<column name="L1_output_fmap_V_ce0">out, 1, ap_memory, L1_output_fmap_V, array</column>
<column name="L1_output_fmap_V_we0">out, 1, ap_memory, L1_output_fmap_V, array</column>
<column name="L1_output_fmap_V_d0">out, 16, ap_memory, L1_output_fmap_V, array</column>
<column name="L1_output_fmap_V_q0">in, 16, ap_memory, L1_output_fmap_V, array</column>
</table>
</item>
</section>
</profile>
