<profile>

<section name = "Vitis HLS Report for 'L3_conv2d'" level="0">
<item name = "Date">Fri Jul  1 19:48:40 2022
</item>
<item name = "Version">2020.1 (Build 2902540 on Wed May 27 20:16:15 MDT 2020)</item>
<item name = "Project">OpenNNA_HLS_Network</item>
<item name = "Solution">OpenNNA_HLS_Network_solution1 (Vivado IP Flow Target)</item>
<item name = "Product family">zynq</item>
<item name = "Target device">xc7z020-clg400-2</item>
</section>

<section name = "Performance Estimates" level="0">
<item name = "Timing">
<section name = "" level="1">
<item name = "Summary"><table name="" hasTotal="0">
<keys size="4">Clock, Target, Estimated, Uncertainty</keys>
<column name="ap_clk">10.00 ns, 7.280 ns, 2.70 ns</column>
</table>
</item>
</section>
</item>
<item name = "Latency">
<section name = "" level="1">
<item name = "Summary"><table name="" hasTotal="0">
<keys size="8">, min, max, min, max, min, max, Type</keys>
<column name="">432649, 432649, 4.326 ms, 4.326 ms, 432649, 432649, none</column>
</table>
</item>
<item name = "Detail">
<section name = "" level="1">
<item name = "Instance"><table name="" hasTotal="0">
<keys size="9">Instance, Module, min, max, min, max, min, max, Type</keys>
</table>
</item>
<item name = "Loop"><table name="" hasTotal="0">
<keys size="8">Loop Name, min, max, Latency, achieved, target, Count, Pipelined</keys>
<column name="- VITIS_LOOP_108_1_VITIS_LOOP_112_3_VITIS_LOOP_114_4">432647, 432647, 13, 5, 1, 86528, yes</column>
</table>
</item>
</section>
</item>
</section>
</item>
</section>
</profile>
