<profile>

<section name = "Vitis HLS Report for 'L3_conv2d'" level="0">
<item name = "Date">Fri Jul  1 19:48:46 2022
</item>
<item name = "Version">2020.1 (Build 2902540 on Wed May 27 20:16:15 MDT 2020)</item>
<item name = "Project">OpenNNA_HLS_Network</item>
<item name = "Solution">OpenNNA_HLS_Network_solution1 (Vivado IP Flow Target)</item>
<item name = "Product family">zynq</item>
<item name = "Target device">xc7z020-clg400-2</item>
</section>

<section name = "Performance Estimates" level="0">
<item name = "Timing">
<section name = "" level="1">
<item name = "Summary"><table name="" hasTotal="0">
<keys size="4">Clock, Target, Estimated, Uncertainty</keys>
<column name="ap_clk">10.00 ns, 7.280 ns, 2.70 ns</column>
</table>
</item>
</section>
</item>
<item name = "Latency">
<section name = "" level="1">
<item name = "Summary"><table name="" hasTotal="0">
<keys size="8">, min, max, min, max, min, max, Type</keys>
<column name="">432649, 432649, 4.326 ms, 4.326 ms, 432649, 432649, none</column>
</table>
</item>
<item name = "Detail">
<section name = "" level="1">
<item name = "Instance"><table name="" hasTotal="0">
<keys size="9">Instance, Module, min, max, min, max, min, max, Type</keys>
</table>
</item>
<item name = "Loop"><table name="" hasTotal="0">
<keys size="8">Loop Name, min, max, Latency, achieved, target, Count, Pipelined</keys>
<column name="- VITIS_LOOP_108_1_VITIS_LOOP_112_3_VITIS_LOOP_114_4">432647, 432647, 13, 5, 1, 86528, yes</column>
</table>
</item>
</section>
</item>
</section>
</item>
</section>

<section name = "Utilization Estimates" level="0">
<item name = "Summary"><table name="" hasTotal="1">
<keys size="6">Name, BRAM_18K, DSP, FF, LUT, URAM</keys>
<column name="DSP">-, 11, -, -, -</column>
<column name="Expression">-, -, 0, 2083, -</column>
<column name="FIFO">-, -, -, -, -</column>
<column name="Instance">-, -, -, -, -</column>
<column name="Memory">9, -, 0, 0, -</column>
<column name="Multiplexer">-, -, -, 60, -</column>
<column name="Register">-, -, 691, 32, -</column>
<specialColumn name="Available">280, 220, 106400, 53200, 0</specialColumn>
<specialColumn name="Utilization (%)">3, 5, ~0, 4, 0</specialColumn>
</table>
</item>
<item name = "Detail">
<section name = "" level="1">
<item name = "Instance"><table name="" hasTotal="1">
<keys size="7">Instance, Module, BRAM_18K, DSP, FF, LUT, URAM</keys>
</table>
</item>
<item name = "DSP"><table name="" hasTotal="0">
<keys size="3">Instance, Module, Expression</keys>
<column name="mac_muladd_5ns_10ns_4ns_13_4_1_U25">mac_muladd_5ns_10ns_4ns_13_4_1, i0 + i1 * i2</column>
<column name="mac_muladd_5ns_6ns_4ns_10_4_1_U22">mac_muladd_5ns_6ns_4ns_10_4_1, i0 + i1 * i2</column>
<column name="mul_mul_15ns_6s_21_4_1_U24">mul_mul_15ns_6s_21_4_1, i0 * i1</column>
<column name="mul_mul_15ns_6s_21_4_1_U28">mul_mul_15ns_6s_21_4_1, i0 * i1</column>
<column name="mul_mul_15ns_6s_21_4_1_U30">mul_mul_15ns_6s_21_4_1, i0 * i1</column>
<column name="mul_mul_15ns_6s_21_4_1_U31">mul_mul_15ns_6s_21_4_1, i0 * i1</column>
<column name="mul_mul_15ns_7s_22_4_1_U23">mul_mul_15ns_7s_22_4_1, i0 * i1</column>
<column name="mul_mul_15ns_7s_22_4_1_U26">mul_mul_15ns_7s_22_4_1, i0 * i1</column>
<column name="mul_mul_15ns_7s_22_4_1_U27">mul_mul_15ns_7s_22_4_1, i0 * i1</column>
<column name="mul_mul_15ns_7s_22_4_1_U29">mul_mul_15ns_7s_22_4_1, i0 * i1</column>
<column name="mul_mul_15ns_7s_22_4_1_U32">mul_mul_15ns_7s_22_4_1, i0 * i1</column>
</table>
</item>
<item name = "Memory"><table name="" hasTotal="1">
<keys size="10">Memory, Module, BRAM_18K, FF, LUT, URAM, Words, Bits, Banks, W*Bits*Banks</keys>
<column name="L3_Kernel_V_0_0_U">L3_conv2d_L3_Kernel_V_0_0, 1, 0, 0, 0, 512, 7, 1, 3584</column>
<column name="L3_Kernel_V_0_1_U">L3_conv2d_L3_Kernel_V_0_1, 1, 0, 0, 0, 512, 6, 1, 3072</column>
<column name="L3_Kernel_V_0_2_U">L3_conv2d_L3_Kernel_V_0_2, 1, 0, 0, 0, 512, 7, 1, 3584</column>
<column name="L3_Kernel_V_1_0_U">L3_conv2d_L3_Kernel_V_1_0, 1, 0, 0, 0, 512, 7, 1, 3584</column>
<column name="L3_Kernel_V_1_1_U">L3_conv2d_L3_Kernel_V_1_1, 1, 0, 0, 0, 512, 6, 1, 3072</column>
<column name="L3_Kernel_V_1_2_U">L3_conv2d_L3_Kernel_V_1_2, 1, 0, 0, 0, 512, 7, 1, 3584</column>
<column name="L3_Kernel_V_2_0_U">L3_conv2d_L3_Kernel_V_2_0, 1, 0, 0, 0, 512, 6, 1, 3072</column>
<column name="L3_Kernel_V_2_1_U">L3_conv2d_L3_Kernel_V_2_1, 1, 0, 0, 0, 512, 6, 1, 3072</column>
<column name="L3_Kernel_V_2_2_U">L3_conv2d_L3_Kernel_V_2_2, 1, 0, 0, 0, 512, 7, 1, 3584</column>
</table>
</item>
<item name = "FIFO"><table name="" hasTotal="1">
<keys size="8">Name, BRAM_18K, FF, LUT, URAM, Depth, Bits, Size:D*B</keys>
</table>
</item>
<item name = "Expression"><table name="" hasTotal="1">
<keys size="7">Variable Name, Operation, DSP, FF, LUT, Bitwidth P0, Bitwidth P1</keys>
<column name="add_ln108_1_fu_448_p2">+, 0, 0, 17, 1, 17</column>
<column name="add_ln108_fu_454_p2">+, 0, 0, 6, 1, 6</column>
<column name="add_ln110_1_fu_654_p2">+, 0, 0, 13, 1, 13</column>
<column name="add_ln110_fu_548_p2">+, 0, 0, 7, 1, 5</column>
<column name="add_ln112_fu_648_p2">+, 0, 0, 8, 1, 8</column>
<column name="add_ln1192_65_fu_2275_p2">+, 0, 0, 17, 17, 17</column>
<column name="add_ln1192_66_fu_2375_p2">+, 0, 0, 17, 17, 17</column>
<column name="add_ln1192_67_fu_2822_p2">+, 0, 0, 17, 17, 17</column>
<column name="add_ln1192_68_fu_2939_p2">+, 0, 0, 17, 17, 17</column>
<column name="add_ln1192_69_fu_3233_p2">+, 0, 0, 17, 17, 17</column>
<column name="add_ln1192_70_fu_3350_p2">+, 0, 0, 17, 17, 17</column>
<column name="add_ln1192_71_fu_3468_p2">+, 0, 0, 17, 17, 17</column>
<column name="add_ln1192_72_fu_3568_p2">+, 0, 0, 17, 17, 17</column>
<column name="add_ln1192_fu_1790_p2">+, 0, 0, 17, 17, 17</column>
<column name="add_ln120_10_fu_856_p2">+, 0, 0, 12, 12, 12</column>
<column name="add_ln120_11_fu_895_p2">+, 0, 0, 12, 12, 12</column>
<column name="add_ln120_12_fu_899_p2">+, 0, 0, 12, 12, 12</column>
<column name="add_ln120_13_fu_916_p2">+, 0, 0, 12, 12, 12</column>
<column name="add_ln120_14_fu_926_p2">+, 0, 0, 12, 12, 12</column>
<column name="add_ln120_15_fu_931_p2">+, 0, 0, 12, 12, 12</column>
<column name="add_ln120_1_fu_907_p2">+, 0, 0, 6, 2, 4</column>
<column name="add_ln120_2_fu_436_p2">+, 0, 0, 9, 9, 9</column>
<column name="add_ln120_3_fu_572_p2">+, 0, 0, 9, 9, 9</column>
<column name="add_ln120_4_fu_718_p2">+, 0, 0, 60, 60, 60</column>
<column name="add_ln120_5_fu_761_p2">+, 0, 0, 60, 60, 60</column>
<column name="add_ln120_6_fu_804_p2">+, 0, 0, 60, 60, 60</column>
<column name="add_ln120_7_fu_835_p2">+, 0, 0, 12, 12, 12</column>
<column name="add_ln120_8_fu_878_p2">+, 0, 0, 12, 12, 12</column>
<column name="add_ln120_9_fu_887_p2">+, 0, 0, 12, 12, 12</column>
<column name="add_ln120_fu_846_p2">+, 0, 0, 6, 1, 4</column>
<column name="add_ln415_65_fu_1236_p2">+, 0, 0, 14, 14, 14</column>
<column name="add_ln415_66_fu_1429_p2">+, 0, 0, 15, 15, 15</column>
<column name="add_ln415_67_fu_1623_p2">+, 0, 0, 15, 15, 15</column>
<column name="add_ln415_68_fu_1921_p2">+, 0, 0, 14, 14, 14</column>
<column name="add_ln415_69_fu_2095_p2">+, 0, 0, 15, 15, 15</column>
<column name="add_ln415_70_fu_2506_p2">+, 0, 0, 14, 14, 14</column>
<column name="add_ln415_71_fu_2680_p2">+, 0, 0, 14, 14, 14</column>
<column name="add_ln415_72_fu_3071_p2">+, 0, 0, 15, 15, 15</column>
<column name="add_ln415_fu_1042_p2">+, 0, 0, 15, 15, 15</column>
<column name="add_ln703_1_fu_2289_p2">+, 0, 0, 16, 16, 16</column>
<column name="add_ln703_2_fu_2389_p2">+, 0, 0, 16, 16, 16</column>
<column name="add_ln703_3_fu_2836_p2">+, 0, 0, 16, 16, 16</column>
<column name="add_ln703_4_fu_2953_p2">+, 0, 0, 16, 16, 16</column>
<column name="add_ln703_5_fu_3247_p2">+, 0, 0, 16, 16, 16</column>
<column name="add_ln703_6_fu_3364_p2">+, 0, 0, 16, 16, 16</column>
<column name="add_ln703_7_fu_3482_p2">+, 0, 0, 16, 16, 16</column>
<column name="add_ln703_8_fu_3582_p2">+, 0, 0, 16, 16, 16</column>
<column name="add_ln703_fu_1804_p2">+, 0, 0, 16, 16, 16</column>
<column name="empty_140_fu_666_p2">+, 0, 0, 6, 2, 4</column>
<column name="empty_fu_660_p2">+, 0, 0, 6, 1, 4</column>
<column name="p_dup_fu_634_p2">+, 0, 0, 6, 1, 4</column>
<column name="p_mid13_fu_788_p2">+, 0, 0, 6, 2, 4</column>
<column name="p_mid1_fu_745_p2">+, 0, 0, 6, 2, 4</column>
<column name="sub_ln120_1_fu_739_p2">-, 0, 0, 12, 12, 12</column>
<column name="sub_ln120_2_fu_782_p2">-, 0, 0, 12, 12, 12</column>
<column name="sub_ln120_3_fu_825_p2">-, 0, 0, 12, 12, 12</column>
<column name="sub_ln120_fu_602_p2">-, 0, 0, 60, 60, 60</column>
<column name="and_ln108_1_fu_542_p2">and, 0, 0, 1, 1, 1</column>
<column name="and_ln108_fu_530_p2">and, 0, 0, 1, 1, 1</column>
<column name="and_ln110_fu_628_p2">and, 0, 0, 1, 1, 1</column>
<column name="and_ln416_65_fu_1256_p2">and, 0, 0, 1, 1, 1</column>
<column name="and_ln416_66_fu_1453_p2">and, 0, 0, 1, 1, 1</column>
<column name="and_ln416_67_fu_1647_p2">and, 0, 0, 1, 1, 1</column>
<column name="and_ln416_68_fu_1941_p2">and, 0, 0, 1, 1, 1</column>
<column name="and_ln416_69_fu_2119_p2">and, 0, 0, 1, 1, 1</column>
<column name="and_ln416_70_fu_2526_p2">and, 0, 0, 1, 1, 1</column>
<column name="and_ln416_71_fu_2700_p2">and, 0, 0, 1, 1, 1</column>
<column name="and_ln416_72_fu_3095_p2">and, 0, 0, 1, 1, 1</column>
<column name="and_ln416_fu_1066_p2">and, 0, 0, 1, 1, 1</column>
<column name="and_ln780_64_fu_1306_p2">and, 0, 0, 1, 1, 1</column>
<column name="and_ln780_65_fu_1503_p2">and, 0, 0, 1, 1, 1</column>
<column name="and_ln780_66_fu_1697_p2">and, 0, 0, 1, 1, 1</column>
<column name="and_ln780_67_fu_1991_p2">and, 0, 0, 1, 1, 1</column>
<column name="and_ln780_68_fu_2169_p2">and, 0, 0, 1, 1, 1</column>
<column name="and_ln780_69_fu_2576_p2">and, 0, 0, 1, 1, 1</column>
<column name="and_ln780_70_fu_2750_p2">and, 0, 0, 1, 1, 1</column>
<column name="and_ln780_71_fu_3145_p2">and, 0, 0, 1, 1, 1</column>
<column name="and_ln780_fu_1116_p2">and, 0, 0, 1, 1, 1</column>
<column name="and_ln781_65_fu_1312_p2">and, 0, 0, 1, 1, 1</column>
<column name="and_ln781_66_fu_1509_p2">and, 0, 0, 1, 1, 1</column>
<column name="and_ln781_67_fu_1703_p2">and, 0, 0, 1, 1, 1</column>
<column name="and_ln781_68_fu_1997_p2">and, 0, 0, 1, 1, 1</column>
<column name="and_ln781_69_fu_2175_p2">and, 0, 0, 1, 1, 1</column>
<column name="and_ln781_70_fu_2582_p2">and, 0, 0, 1, 1, 1</column>
<column name="and_ln781_71_fu_2756_p2">and, 0, 0, 1, 1, 1</column>
<column name="and_ln781_72_fu_3151_p2">and, 0, 0, 1, 1, 1</column>
<column name="and_ln781_fu_1122_p2">and, 0, 0, 1, 1, 1</column>
<column name="and_ln785_65_fu_1823_p2">and, 0, 0, 1, 1, 1</column>
<column name="and_ln785_66_fu_1336_p2">and, 0, 0, 1, 1, 1</column>
<column name="and_ln785_67_fu_2308_p2">and, 0, 0, 1, 1, 1</column>
<column name="and_ln785_68_fu_1533_p2">and, 0, 0, 1, 1, 1</column>
<column name="and_ln785_69_fu_2408_p2">and, 0, 0, 1, 1, 1</column>
<column name="and_ln785_70_fu_1727_p2">and, 0, 0, 1, 1, 1</column>
<column name="and_ln785_71_fu_2854_p2">and, 0, 0, 1, 1, 1</column>
<column name="and_ln785_72_fu_2021_p2">and, 0, 0, 1, 1, 1</column>
<column name="and_ln785_73_fu_2973_p2">and, 0, 0, 1, 1, 1</column>
<column name="and_ln785_74_fu_2199_p2">and, 0, 0, 1, 1, 1</column>
<column name="and_ln785_75_fu_3265_p2">and, 0, 0, 1, 1, 1</column>
<column name="and_ln785_76_fu_2606_p2">and, 0, 0, 1, 1, 1</column>
<column name="and_ln785_77_fu_3384_p2">and, 0, 0, 1, 1, 1</column>
<column name="and_ln785_78_fu_2780_p2">and, 0, 0, 1, 1, 1</column>
<column name="and_ln785_79_fu_3501_p2">and, 0, 0, 1, 1, 1</column>
<column name="and_ln785_80_fu_3175_p2">and, 0, 0, 1, 1, 1</column>
<column name="and_ln785_81_fu_3601_p2">and, 0, 0, 1, 1, 1</column>
<column name="and_ln785_fu_1146_p2">and, 0, 0, 1, 1, 1</column>
<column name="and_ln786_130_fu_1170_p2">and, 0, 0, 1, 1, 1</column>
<column name="and_ln786_131_fu_1835_p2">and, 0, 0, 1, 1, 1</column>
<column name="and_ln786_132_fu_1342_p2">and, 0, 0, 1, 1, 1</column>
<column name="and_ln786_133_fu_1360_p2">and, 0, 0, 1, 1, 1</column>
<column name="and_ln786_134_fu_2320_p2">and, 0, 0, 1, 1, 1</column>
<column name="and_ln786_135_fu_1539_p2">and, 0, 0, 1, 1, 1</column>
<column name="and_ln786_136_fu_1557_p2">and, 0, 0, 1, 1, 1</column>
<column name="and_ln786_137_fu_2420_p2">and, 0, 0, 1, 1, 1</column>
<column name="and_ln786_138_fu_1733_p2">and, 0, 0, 1, 1, 1</column>
<column name="and_ln786_139_fu_1751_p2">and, 0, 0, 1, 1, 1</column>
<column name="and_ln786_140_fu_2866_p2">and, 0, 0, 1, 1, 1</column>
<column name="and_ln786_141_fu_2027_p2">and, 0, 0, 1, 1, 1</column>
<column name="and_ln786_142_fu_2045_p2">and, 0, 0, 1, 1, 1</column>
<column name="and_ln786_143_fu_2985_p2">and, 0, 0, 1, 1, 1</column>
<column name="and_ln786_144_fu_2205_p2">and, 0, 0, 1, 1, 1</column>
<column name="and_ln786_145_fu_2223_p2">and, 0, 0, 1, 1, 1</column>
<column name="and_ln786_146_fu_3277_p2">and, 0, 0, 1, 1, 1</column>
<column name="and_ln786_147_fu_2612_p2">and, 0, 0, 1, 1, 1</column>
<column name="and_ln786_148_fu_2630_p2">and, 0, 0, 1, 1, 1</column>
<column name="and_ln786_149_fu_3396_p2">and, 0, 0, 1, 1, 1</column>
<column name="and_ln786_150_fu_2786_p2">and, 0, 0, 1, 1, 1</column>
<column name="and_ln786_151_fu_2804_p2">and, 0, 0, 1, 1, 1</column>
<column name="and_ln786_152_fu_3513_p2">and, 0, 0, 1, 1, 1</column>
<column name="and_ln786_153_fu_3181_p2">and, 0, 0, 1, 1, 1</column>
<column name="and_ln786_154_fu_3199_p2">and, 0, 0, 1, 1, 1</column>
<column name="and_ln786_155_fu_3613_p2">and, 0, 0, 1, 1, 1</column>
<column name="and_ln786_fu_1152_p2">and, 0, 0, 1, 1, 1</column>
<column name="icmp_ln108_fu_442_p2">icmp, 0, 0, 8, 17, 17</column>
<column name="icmp_ln110_fu_460_p2">icmp, 0, 0, 6, 13, 12</column>
<column name="icmp_ln112_fu_536_p2">icmp, 0, 0, 4, 8, 8</column>
<column name="icmp_ln114_fu_524_p2">icmp, 0, 0, 2, 4, 3</column>
<column name="or_ln110_1_fu_622_p2">or, 0, 0, 1, 1, 1</column>
<column name="or_ln110_fu_554_p2">or, 0, 0, 1, 1, 1</column>
<column name="or_ln112_1_fu_702_p2">or, 0, 0, 1, 1, 1</column>
<column name="or_ln112_fu_698_p2">or, 0, 0, 1, 1, 1</column>
<column name="or_ln340_195_fu_2338_p2">or, 0, 0, 1, 1, 1</column>
<column name="or_ln340_196_fu_2438_p2">or, 0, 0, 1, 1, 1</column>
<column name="or_ln340_197_fu_2884_p2">or, 0, 0, 1, 1, 1</column>
<column name="or_ln340_198_fu_3003_p2">or, 0, 0, 1, 1, 1</column>
<column name="or_ln340_199_fu_3295_p2">or, 0, 0, 1, 1, 1</column>
<column name="or_ln340_200_fu_3414_p2">or, 0, 0, 1, 1, 1</column>
<column name="or_ln340_201_fu_3531_p2">or, 0, 0, 1, 1, 1</column>
<column name="or_ln340_202_fu_3631_p2">or, 0, 0, 1, 1, 1</column>
<column name="or_ln340_fu_1853_p2">or, 0, 0, 1, 1, 1</column>
<column name="or_ln384_1_fu_1366_p2">or, 0, 0, 1, 1, 1</column>
<column name="or_ln384_2_fu_1571_p2">or, 0, 0, 1, 1, 1</column>
<column name="or_ln384_3_fu_1765_p2">or, 0, 0, 1, 1, 1</column>
<column name="or_ln384_4_fu_2051_p2">or, 0, 0, 1, 1, 1</column>
<column name="or_ln384_5_fu_2237_p2">or, 0, 0, 1, 1, 1</column>
<column name="or_ln384_6_fu_2636_p2">or, 0, 0, 1, 1, 1</column>
<column name="or_ln384_7_fu_2810_p2">or, 0, 0, 1, 1, 1</column>
<column name="or_ln384_8_fu_3213_p2">or, 0, 0, 1, 1, 1</column>
<column name="or_ln384_fu_1184_p2">or, 0, 0, 1, 1, 1</column>
<column name="or_ln778_65_fu_1275_p2">or, 0, 0, 1, 1, 1</column>
<column name="or_ln778_66_fu_1472_p2">or, 0, 0, 1, 1, 1</column>
<column name="or_ln778_67_fu_1666_p2">or, 0, 0, 1, 1, 1</column>
<column name="or_ln778_68_fu_1960_p2">or, 0, 0, 1, 1, 1</column>
<column name="or_ln778_69_fu_2138_p2">or, 0, 0, 1, 1, 1</column>
<column name="or_ln778_70_fu_2545_p2">or, 0, 0, 1, 1, 1</column>
<column name="or_ln778_71_fu_2719_p2">or, 0, 0, 1, 1, 1</column>
<column name="or_ln778_72_fu_3114_p2">or, 0, 0, 1, 1, 1</column>
<column name="or_ln778_fu_1085_p2">or, 0, 0, 1, 1, 1</column>
<column name="or_ln780_65_fu_1300_p2">or, 0, 0, 1, 1, 1</column>
<column name="or_ln780_66_fu_1497_p2">or, 0, 0, 1, 1, 1</column>
<column name="or_ln780_67_fu_1691_p2">or, 0, 0, 1, 1, 1</column>
<column name="or_ln780_68_fu_1985_p2">or, 0, 0, 1, 1, 1</column>
<column name="or_ln780_69_fu_2163_p2">or, 0, 0, 1, 1, 1</column>
<column name="or_ln780_70_fu_2570_p2">or, 0, 0, 1, 1, 1</column>
<column name="or_ln780_71_fu_2744_p2">or, 0, 0, 1, 1, 1</column>
<column name="or_ln780_72_fu_3139_p2">or, 0, 0, 1, 1, 1</column>
<column name="or_ln780_fu_1110_p2">or, 0, 0, 1, 1, 1</column>
<column name="or_ln785_65_fu_1324_p2">or, 0, 0, 1, 1, 1</column>
<column name="or_ln785_66_fu_1521_p2">or, 0, 0, 1, 1, 1</column>
<column name="or_ln785_67_fu_1715_p2">or, 0, 0, 1, 1, 1</column>
<column name="or_ln785_68_fu_2009_p2">or, 0, 0, 1, 1, 1</column>
<column name="or_ln785_69_fu_2187_p2">or, 0, 0, 1, 1, 1</column>
<column name="or_ln785_70_fu_2594_p2">or, 0, 0, 1, 1, 1</column>
<column name="or_ln785_71_fu_2768_p2">or, 0, 0, 1, 1, 1</column>
<column name="or_ln785_72_fu_3163_p2">or, 0, 0, 1, 1, 1</column>
<column name="or_ln785_fu_1134_p2">or, 0, 0, 1, 1, 1</column>
<column name="or_ln786_65_fu_1348_p2">or, 0, 0, 1, 1, 1</column>
<column name="or_ln786_66_fu_1545_p2">or, 0, 0, 1, 1, 1</column>
<column name="or_ln786_67_fu_1739_p2">or, 0, 0, 1, 1, 1</column>
<column name="or_ln786_68_fu_2033_p2">or, 0, 0, 1, 1, 1</column>
<column name="or_ln786_69_fu_2211_p2">or, 0, 0, 1, 1, 1</column>
<column name="or_ln786_70_fu_2618_p2">or, 0, 0, 1, 1, 1</column>
<column name="or_ln786_71_fu_2792_p2">or, 0, 0, 1, 1, 1</column>
<column name="or_ln786_72_fu_3187_p2">or, 0, 0, 1, 1, 1</column>
<column name="or_ln786_fu_1158_p2">or, 0, 0, 1, 1, 1</column>
<column name="select_ln108_1_fu_486_p3">select, 0, 0, 6, 1, 6</column>
<column name="select_ln108_2_fu_510_p3">select, 0, 0, 9, 1, 9</column>
<column name="select_ln108_fu_466_p3">select, 0, 0, 5, 1, 1</column>
<column name="select_ln110_1_fu_578_p3">select, 0, 0, 5, 1, 5</column>
<column name="select_ln110_2_fu_608_p3">select, 0, 0, 9, 1, 9</column>
<column name="select_ln110_3_fu_684_p3">select, 0, 0, 4, 1, 1</column>
<column name="select_ln110_4_fu_691_p3">select, 0, 0, 4, 1, 2</column>
<column name="select_ln110_5_fu_989_p3">select, 0, 0, 13, 1, 1</column>
<column name="select_ln110_fu_560_p3">select, 0, 0, 4, 1, 1</column>
<column name="select_ln112_1_fu_640_p3">select, 0, 0, 4, 1, 4</column>
<column name="select_ln112_2_fu_750_p3">select, 0, 0, 4, 1, 4</column>
<column name="select_ln112_3_fu_793_p3">select, 0, 0, 4, 1, 4</column>
<column name="select_ln112_4_fu_983_p3">select, 0, 0, 8, 1, 1</column>
<column name="select_ln112_fu_707_p3">select, 0, 0, 4, 1, 1</column>
<column name="select_ln340_130_fu_1875_p3">select, 0, 0, 16, 1, 16</column>
<column name="select_ln340_131_fu_2344_p3">select, 0, 0, 16, 1, 15</column>
<column name="select_ln340_132_fu_2360_p3">select, 0, 0, 16, 1, 16</column>
<column name="select_ln340_133_fu_2444_p3">select, 0, 0, 16, 1, 15</column>
<column name="select_ln340_134_fu_2460_p3">select, 0, 0, 16, 1, 16</column>
<column name="select_ln340_135_fu_2890_p3">select, 0, 0, 16, 1, 15</column>
<column name="select_ln340_136_fu_2906_p3">select, 0, 0, 16, 1, 16</column>
<column name="select_ln340_137_fu_3009_p3">select, 0, 0, 16, 1, 15</column>
<column name="select_ln340_138_fu_3025_p3">select, 0, 0, 16, 1, 16</column>
<column name="select_ln340_139_fu_3301_p3">select, 0, 0, 16, 1, 15</column>
<column name="select_ln340_140_fu_3317_p3">select, 0, 0, 16, 1, 16</column>
<column name="select_ln340_141_fu_3420_p3">select, 0, 0, 16, 1, 15</column>
<column name="select_ln340_142_fu_3436_p3">select, 0, 0, 16, 1, 16</column>
<column name="select_ln340_143_fu_3537_p3">select, 0, 0, 16, 1, 15</column>
<column name="select_ln340_144_fu_3553_p3">select, 0, 0, 16, 1, 16</column>
<column name="select_ln340_145_fu_3637_p3">select, 0, 0, 16, 1, 15</column>
<column name="select_ln340_146_fu_3653_p3">select, 0, 0, 16, 1, 16</column>
<column name="select_ln340_fu_1859_p3">select, 0, 0, 16, 1, 15</column>
<column name="select_ln384_10_fu_2229_p3">select, 0, 0, 17, 1, 15</column>
<column name="select_ln384_11_fu_2243_p3">select, 0, 0, 16, 1, 16</column>
<column name="select_ln384_12_fu_3328_p3">select, 0, 0, 17, 1, 15</column>
<column name="select_ln384_13_fu_3335_p3">select, 0, 0, 16, 1, 16</column>
<column name="select_ln384_14_fu_3447_p3">select, 0, 0, 17, 1, 15</column>
<column name="select_ln384_15_fu_3454_p3">select, 0, 0, 16, 1, 16</column>
<column name="select_ln384_16_fu_3205_p3">select, 0, 0, 17, 1, 15</column>
<column name="select_ln384_17_fu_3219_p3">select, 0, 0, 16, 1, 16</column>
<column name="select_ln384_1_fu_1190_p3">select, 0, 0, 16, 1, 16</column>
<column name="select_ln384_2_fu_2254_p3">select, 0, 0, 17, 1, 15</column>
<column name="select_ln384_3_fu_2261_p3">select, 0, 0, 16, 1, 16</column>
<column name="select_ln384_4_fu_1563_p3">select, 0, 0, 17, 1, 15</column>
<column name="select_ln384_5_fu_1577_p3">select, 0, 0, 16, 1, 16</column>
<column name="select_ln384_6_fu_1757_p3">select, 0, 0, 17, 1, 15</column>
<column name="select_ln384_7_fu_1771_p3">select, 0, 0, 16, 1, 16</column>
<column name="select_ln384_8_fu_2917_p3">select, 0, 0, 17, 1, 15</column>
<column name="select_ln384_9_fu_2924_p3">select, 0, 0, 16, 1, 16</column>
<column name="select_ln384_fu_1176_p3">select, 0, 0, 17, 1, 15</column>
<column name="select_ln388_65_fu_2352_p3">select, 0, 0, 17, 1, 17</column>
<column name="select_ln388_66_fu_2452_p3">select, 0, 0, 17, 1, 17</column>
<column name="select_ln388_67_fu_2898_p3">select, 0, 0, 17, 1, 17</column>
<column name="select_ln388_68_fu_3017_p3">select, 0, 0, 17, 1, 17</column>
<column name="select_ln388_69_fu_3309_p3">select, 0, 0, 17, 1, 17</column>
<column name="select_ln388_70_fu_3428_p3">select, 0, 0, 17, 1, 17</column>
<column name="select_ln388_71_fu_3545_p3">select, 0, 0, 17, 1, 17</column>
<column name="select_ln388_72_fu_3645_p3">select, 0, 0, 17, 1, 17</column>
<column name="select_ln388_fu_1867_p3">select, 0, 0, 17, 1, 17</column>
<column name="ap_enable_pp0">xor, 0, 0, 2, 1, 2</column>
<column name="xor_ln108_fu_518_p2">xor, 0, 0, 2, 1, 2</column>
<column name="xor_ln110_fu_616_p2">xor, 0, 0, 2, 1, 2</column>
<column name="xor_ln340_10_fu_3283_p2">xor, 0, 0, 1, 1, 1</column>
<column name="xor_ln340_11_fu_3289_p2">xor, 0, 0, 2, 1, 2</column>
<column name="xor_ln340_12_fu_3402_p2">xor, 0, 0, 1, 1, 1</column>
<column name="xor_ln340_13_fu_3408_p2">xor, 0, 0, 2, 1, 2</column>
<column name="xor_ln340_14_fu_3519_p2">xor, 0, 0, 1, 1, 1</column>
<column name="xor_ln340_15_fu_3525_p2">xor, 0, 0, 2, 1, 2</column>
<column name="xor_ln340_16_fu_3619_p2">xor, 0, 0, 1, 1, 1</column>
<column name="xor_ln340_17_fu_3625_p2">xor, 0, 0, 2, 1, 2</column>
<column name="xor_ln340_1_fu_1847_p2">xor, 0, 0, 2, 1, 2</column>
<column name="xor_ln340_2_fu_2326_p2">xor, 0, 0, 1, 1, 1</column>
<column name="xor_ln340_3_fu_2332_p2">xor, 0, 0, 2, 1, 2</column>
<column name="xor_ln340_4_fu_2426_p2">xor, 0, 0, 1, 1, 1</column>
<column name="xor_ln340_5_fu_2432_p2">xor, 0, 0, 2, 1, 2</column>
<column name="xor_ln340_6_fu_2872_p2">xor, 0, 0, 1, 1, 1</column>
<column name="xor_ln340_7_fu_2878_p2">xor, 0, 0, 2, 1, 2</column>
<column name="xor_ln340_8_fu_2991_p2">xor, 0, 0, 1, 1, 1</column>
<column name="xor_ln340_9_fu_2997_p2">xor, 0, 0, 2, 1, 2</column>
<column name="xor_ln340_fu_1841_p2">xor, 0, 0, 1, 1, 1</column>
<column name="xor_ln416_65_fu_1250_p2">xor, 0, 0, 2, 1, 2</column>
<column name="xor_ln416_66_fu_1447_p2">xor, 0, 0, 2, 1, 2</column>
<column name="xor_ln416_67_fu_1641_p2">xor, 0, 0, 2, 1, 2</column>
<column name="xor_ln416_68_fu_1935_p2">xor, 0, 0, 2, 1, 2</column>
<column name="xor_ln416_69_fu_2113_p2">xor, 0, 0, 2, 1, 2</column>
<column name="xor_ln416_70_fu_2520_p2">xor, 0, 0, 2, 1, 2</column>
<column name="xor_ln416_71_fu_2694_p2">xor, 0, 0, 2, 1, 2</column>
<column name="xor_ln416_72_fu_3089_p2">xor, 0, 0, 2, 1, 2</column>
<column name="xor_ln416_fu_1060_p2">xor, 0, 0, 2, 1, 2</column>
<column name="xor_ln778_130_fu_1091_p2">xor, 0, 0, 1, 1, 1</column>
<column name="xor_ln778_131_fu_1269_p2">xor, 0, 0, 2, 1, 2</column>
<column name="xor_ln778_132_fu_1281_p2">xor, 0, 0, 1, 1, 1</column>
<column name="xor_ln778_133_fu_1466_p2">xor, 0, 0, 2, 1, 2</column>
<column name="xor_ln778_134_fu_1478_p2">xor, 0, 0, 1, 1, 1</column>
<column name="xor_ln778_135_fu_1660_p2">xor, 0, 0, 2, 1, 2</column>
<column name="xor_ln778_136_fu_1672_p2">xor, 0, 0, 1, 1, 1</column>
<column name="xor_ln778_137_fu_1954_p2">xor, 0, 0, 2, 1, 2</column>
<column name="xor_ln778_138_fu_1966_p2">xor, 0, 0, 1, 1, 1</column>
<column name="xor_ln778_139_fu_2132_p2">xor, 0, 0, 2, 1, 2</column>
<column name="xor_ln778_140_fu_2144_p2">xor, 0, 0, 1, 1, 1</column>
<column name="xor_ln778_141_fu_2539_p2">xor, 0, 0, 2, 1, 2</column>
<column name="xor_ln778_142_fu_2551_p2">xor, 0, 0, 1, 1, 1</column>
<column name="xor_ln778_143_fu_2713_p2">xor, 0, 0, 2, 1, 2</column>
<column name="xor_ln778_144_fu_2725_p2">xor, 0, 0, 1, 1, 1</column>
<column name="xor_ln778_145_fu_3108_p2">xor, 0, 0, 2, 1, 2</column>
<column name="xor_ln778_146_fu_3120_p2">xor, 0, 0, 1, 1, 1</column>
<column name="xor_ln778_fu_1079_p2">xor, 0, 0, 2, 1, 2</column>
<column name="xor_ln780_65_fu_1294_p2">xor, 0, 0, 2, 1, 2</column>
<column name="xor_ln780_66_fu_1491_p2">xor, 0, 0, 2, 1, 2</column>
<column name="xor_ln780_67_fu_1685_p2">xor, 0, 0, 2, 1, 2</column>
<column name="xor_ln780_68_fu_1979_p2">xor, 0, 0, 2, 1, 2</column>
<column name="xor_ln780_69_fu_2157_p2">xor, 0, 0, 2, 1, 2</column>
<column name="xor_ln780_70_fu_2564_p2">xor, 0, 0, 2, 1, 2</column>
<column name="xor_ln780_71_fu_2738_p2">xor, 0, 0, 2, 1, 2</column>
<column name="xor_ln780_72_fu_3133_p2">xor, 0, 0, 2, 1, 2</column>
<column name="xor_ln780_fu_1104_p2">xor, 0, 0, 2, 1, 2</column>
<column name="xor_ln785_130_fu_1140_p2">xor, 0, 0, 2, 1, 2</column>
<column name="xor_ln785_131_fu_1817_p2">xor, 0, 0, 2, 1, 2</column>
<column name="xor_ln785_132_fu_1318_p2">xor, 0, 0, 2, 1, 2</column>
<column name="xor_ln785_133_fu_1330_p2">xor, 0, 0, 2, 1, 2</column>
<column name="xor_ln785_134_fu_2302_p2">xor, 0, 0, 2, 1, 2</column>
<column name="xor_ln785_135_fu_1515_p2">xor, 0, 0, 2, 1, 2</column>
<column name="xor_ln785_136_fu_1527_p2">xor, 0, 0, 2, 1, 2</column>
<column name="xor_ln785_137_fu_2402_p2">xor, 0, 0, 2, 1, 2</column>
<column name="xor_ln785_138_fu_1709_p2">xor, 0, 0, 2, 1, 2</column>
<column name="xor_ln785_139_fu_1721_p2">xor, 0, 0, 2, 1, 2</column>
<column name="xor_ln785_140_fu_2848_p2">xor, 0, 0, 2, 1, 2</column>
<column name="xor_ln785_141_fu_2003_p2">xor, 0, 0, 2, 1, 2</column>
<column name="xor_ln785_142_fu_2015_p2">xor, 0, 0, 2, 1, 2</column>
<column name="xor_ln785_143_fu_2967_p2">xor, 0, 0, 2, 1, 2</column>
<column name="xor_ln785_144_fu_2181_p2">xor, 0, 0, 2, 1, 2</column>
<column name="xor_ln785_145_fu_2193_p2">xor, 0, 0, 2, 1, 2</column>
<column name="xor_ln785_146_fu_3259_p2">xor, 0, 0, 2, 1, 2</column>
<column name="xor_ln785_147_fu_2588_p2">xor, 0, 0, 2, 1, 2</column>
<column name="xor_ln785_148_fu_2600_p2">xor, 0, 0, 2, 1, 2</column>
<column name="xor_ln785_149_fu_3378_p2">xor, 0, 0, 2, 1, 2</column>
<column name="xor_ln785_150_fu_2762_p2">xor, 0, 0, 2, 1, 2</column>
<column name="xor_ln785_151_fu_2774_p2">xor, 0, 0, 2, 1, 2</column>
<column name="xor_ln785_152_fu_3495_p2">xor, 0, 0, 2, 1, 2</column>
<column name="xor_ln785_153_fu_3157_p2">xor, 0, 0, 2, 1, 2</column>
<column name="xor_ln785_154_fu_3169_p2">xor, 0, 0, 2, 1, 2</column>
<column name="xor_ln785_155_fu_3595_p2">xor, 0, 0, 2, 1, 2</column>
<column name="xor_ln785_fu_1128_p2">xor, 0, 0, 2, 1, 2</column>
<column name="xor_ln786_65_fu_1829_p2">xor, 0, 0, 2, 1, 2</column>
<column name="xor_ln786_66_fu_1354_p2">xor, 0, 0, 2, 1, 2</column>
<column name="xor_ln786_67_fu_2314_p2">xor, 0, 0, 2, 1, 2</column>
<column name="xor_ln786_68_fu_1551_p2">xor, 0, 0, 2, 1, 2</column>
<column name="xor_ln786_69_fu_2414_p2">xor, 0, 0, 2, 1, 2</column>
<column name="xor_ln786_70_fu_1745_p2">xor, 0, 0, 2, 1, 2</column>
<column name="xor_ln786_71_fu_2860_p2">xor, 0, 0, 2, 1, 2</column>
<column name="xor_ln786_72_fu_2039_p2">xor, 0, 0, 2, 1, 2</column>
<column name="xor_ln786_73_fu_2979_p2">xor, 0, 0, 2, 1, 2</column>
<column name="xor_ln786_74_fu_2217_p2">xor, 0, 0, 2, 1, 2</column>
<column name="xor_ln786_75_fu_3271_p2">xor, 0, 0, 2, 1, 2</column>
<column name="xor_ln786_76_fu_2624_p2">xor, 0, 0, 2, 1, 2</column>
<column name="xor_ln786_77_fu_3390_p2">xor, 0, 0, 2, 1, 2</column>
<column name="xor_ln786_78_fu_2798_p2">xor, 0, 0, 2, 1, 2</column>
<column name="xor_ln786_79_fu_3507_p2">xor, 0, 0, 2, 1, 2</column>
<column name="xor_ln786_80_fu_3193_p2">xor, 0, 0, 2, 1, 2</column>
<column name="xor_ln786_81_fu_3607_p2">xor, 0, 0, 2, 1, 2</column>
<column name="xor_ln786_fu_1164_p2">xor, 0, 0, 2, 1, 2</column>
</table>
</item>
<item name = "Multiplexer"><table name="" hasTotal="1">
<keys size="5">Name, LUT, Input Size, Bits, Total Bits</keys>
<column name="L2_output_fmap_V_address0">4, 6, 12, 72</column>
<column name="L2_output_fmap_V_address1">4, 5, 12, 60</column>
<column name="L3_output_fmap_V_address0">3, 3, 13, 39</column>
<column name="ap_NS_fsm">4, 8, 1, 8</column>
<column name="ap_enable_reg_pp0_iter2">3, 2, 1, 2</column>
<column name="ap_phi_mux_indvar_flatten117_phi_fu_345_p4">3, 2, 17, 34</column>
<column name="ap_phi_mux_indvar_flatten33_phi_fu_367_p4">3, 2, 13, 26</column>
<column name="ap_phi_mux_indvar_flatten_phi_fu_389_p4">3, 2, 8, 16</column>
<column name="ap_phi_mux_kernel_channel_phi_fu_378_p4">3, 2, 5, 10</column>
<column name="ap_phi_mux_kernel_number_phi_fu_356_p4">3, 2, 6, 12</column>
<column name="ap_phi_mux_shift_col_num_phi_fu_400_p4">3, 2, 4, 8</column>
<column name="ap_phi_mux_shift_row_num_phi_fu_412_p4">3, 2, 4, 8</column>
<column name="indvar_flatten117_reg_341">3, 2, 17, 34</column>
<column name="indvar_flatten33_reg_363">3, 2, 13, 26</column>
<column name="indvar_flatten_reg_385">3, 2, 8, 16</column>
<column name="kernel_channel_reg_374">3, 2, 5, 10</column>
<column name="kernel_number_reg_352">3, 2, 6, 12</column>
<column name="shift_col_num_reg_396">3, 2, 4, 8</column>
<column name="shift_row_num_reg_408">3, 2, 4, 8</column>
</table>
</item>
<item name = "Register"><table name="" hasTotal="1">
<keys size="5">Name, FF, LUT, Bits, Const Bits</keys>
<column name="L3_Kernel_V_0_2_load_reg_3978">7, 0, 7, 0</column>
<column name="L3_Kernel_V_1_0_load_reg_3983">7, 0, 7, 0</column>
<column name="L3_Kernel_V_1_1_load_reg_3988">6, 0, 6, 0</column>
<column name="L3_Kernel_V_1_2_load_reg_3993">7, 0, 7, 0</column>
<column name="L3_Kernel_V_2_0_load_reg_3998">6, 0, 6, 0</column>
<column name="L3_Kernel_V_2_1_load_reg_4003">6, 0, 6, 0</column>
<column name="L3_Kernel_V_2_2_load_reg_4008">7, 0, 7, 0</column>
<column name="L3_output_fmap_V_addr_reg_4194">13, 0, 13, 0</column>
<column name="L3_output_fmap_V_addr_reg_4194_pp0_iter2_reg">13, 0, 13, 0</column>
<column name="add_ln108_1_reg_3791">17, 0, 17, 0</column>
<column name="add_ln110_1_reg_3866">13, 0, 13, 0</column>
<column name="add_ln112_reg_3861">8, 0, 8, 0</column>
<column name="add_ln120_11_reg_4033">12, 0, 12, 0</column>
<column name="add_ln120_12_reg_4038">12, 0, 12, 0</column>
<column name="add_ln120_14_reg_4053">12, 0, 12, 0</column>
<column name="add_ln120_15_reg_4058">12, 0, 12, 0</column>
<column name="add_ln120_9_reg_4023">12, 0, 12, 0</column>
<column name="add_ln120_reg_3952">4, 0, 4, 0</column>
<column name="add_ln415_65_reg_4159">14, 0, 14, 0</column>
<column name="add_ln415_68_reg_4222">14, 0, 14, 0</column>
<column name="add_ln415_70_reg_4249">14, 0, 14, 0</column>
<column name="add_ln415_71_reg_4264">14, 0, 14, 0</column>
<column name="and_ln108_1_reg_3812">1, 0, 1, 0</column>
<column name="and_ln110_reg_3847">1, 0, 1, 0</column>
<column name="and_ln785_66_reg_4164">1, 0, 1, 0</column>
<column name="and_ln785_72_reg_4227">1, 0, 1, 0</column>
<column name="and_ln785_76_reg_4254">1, 0, 1, 0</column>
<column name="and_ln785_78_reg_4269">1, 0, 1, 0</column>
<column name="ap_CS_fsm">7, 0, 7, 0</column>
<column name="ap_enable_reg_pp0_iter0">1, 0, 1, 0</column>
<column name="ap_enable_reg_pp0_iter1">1, 0, 1, 0</column>
<column name="ap_enable_reg_pp0_iter2">1, 0, 1, 0</column>
<column name="icmp_ln108_reg_3787">1, 0, 1, 0</column>
<column name="icmp_ln110_reg_3796">1, 0, 1, 0</column>
<column name="indvar_flatten117_reg_341">17, 0, 17, 0</column>
<column name="indvar_flatten33_reg_363">13, 0, 13, 0</column>
<column name="indvar_flatten_reg_385">8, 0, 8, 0</column>
<column name="kernel_channel_reg_374">5, 0, 5, 0</column>
<column name="kernel_number_reg_352">6, 0, 6, 0</column>
<column name="or_ln110_reg_3817">1, 0, 1, 0</column>
<column name="or_ln384_1_reg_4169">1, 0, 1, 0</column>
<column name="or_ln384_4_reg_4232">1, 0, 1, 0</column>
<column name="or_ln384_6_reg_4259">1, 0, 1, 0</column>
<column name="or_ln384_7_reg_4274">1, 0, 1, 0</column>
<column name="select_ln108_1_reg_3802">6, 0, 6, 0</column>
<column name="select_ln110_1_reg_3830">5, 0, 5, 0</column>
<column name="select_ln110_2_reg_3842">9, 0, 9, 0</column>
<column name="select_ln110_5_reg_4133">13, 0, 13, 0</column>
<column name="select_ln110_reg_3824">4, 0, 4, 0</column>
<column name="select_ln112_1_reg_3854">4, 0, 4, 0</column>
<column name="select_ln112_4_reg_4128">8, 0, 8, 0</column>
<column name="select_ln112_reg_3916">4, 0, 4, 0</column>
<column name="select_ln340_130_reg_4216">16, 0, 16, 0</column>
<column name="select_ln340_134_reg_4243">16, 0, 16, 0</column>
<column name="select_ln340_138_reg_4279">16, 0, 16, 0</column>
<column name="select_ln340_142_reg_4291">16, 0, 16, 0</column>
<column name="select_ln340_146_reg_4297">16, 0, 16, 0</column>
<column name="select_ln384_11_reg_4237">16, 0, 16, 0</column>
<column name="select_ln384_17_reg_4285">16, 0, 16, 0</column>
<column name="select_ln384_1_reg_4153">16, 0, 16, 0</column>
<column name="select_ln384_5_reg_4199">16, 0, 16, 0</column>
<column name="select_ln384_7_reg_4205">16, 0, 16, 0</column>
<column name="shift_col_num_reg_396">4, 0, 4, 0</column>
<column name="shift_row_num_reg_408">4, 0, 4, 0</column>
<column name="sub_ln120_1_reg_3922">12, 0, 12, 0</column>
<column name="sub_ln120_2_reg_3927">12, 0, 12, 0</column>
<column name="sub_ln120_3_reg_3934">12, 0, 12, 0</column>
<column name="sub_ln120_reg_3835">60, 0, 60, 0</column>
<column name="zext_ln120_11_reg_3941">4, 0, 12, 8</column>
<column name="zext_ln120_15_reg_3957">4, 0, 12, 8</column>
<column name="icmp_ln108_reg_3787">64, 32, 1, 0</column>
</table>
</item>
</section>
</item>
</section>

<section name = "Interface" level="0">
<item name = "Summary"><table name="" hasTotal="0">
<keys size="6">RTL Ports, Dir, Bits, Protocol, Source Object, C Type</keys>
<column name="ap_clk">in, 1, ap_ctrl_hs, L3_conv2d, return value</column>
<column name="ap_rst">in, 1, ap_ctrl_hs, L3_conv2d, return value</column>
<column name="ap_start">in, 1, ap_ctrl_hs, L3_conv2d, return value</column>
<column name="ap_done">out, 1, ap_ctrl_hs, L3_conv2d, return value</column>
<column name="ap_idle">out, 1, ap_ctrl_hs, L3_conv2d, return value</column>
<column name="ap_ready">out, 1, ap_ctrl_hs, L3_conv2d, return value</column>
<column name="L3_output_fmap_V_address0">out, 13, ap_memory, L3_output_fmap_V, array</column>
<column name="L3_output_fmap_V_ce0">out, 1, ap_memory, L3_output_fmap_V, array</column>
<column name="L3_output_fmap_V_we0">out, 1, ap_memory, L3_output_fmap_V, array</column>
<column name="L3_output_fmap_V_d0">out, 16, ap_memory, L3_output_fmap_V, array</column>
<column name="L3_output_fmap_V_q0">in, 16, ap_memory, L3_output_fmap_V, array</column>
<column name="L2_output_fmap_V_address0">out, 12, ap_memory, L2_output_fmap_V, array</column>
<column name="L2_output_fmap_V_ce0">out, 1, ap_memory, L2_output_fmap_V, array</column>
<column name="L2_output_fmap_V_q0">in, 15, ap_memory, L2_output_fmap_V, array</column>
<column name="L2_output_fmap_V_address1">out, 12, ap_memory, L2_output_fmap_V, array</column>
<column name="L2_output_fmap_V_ce1">out, 1, ap_memory, L2_output_fmap_V, array</column>
<column name="L2_output_fmap_V_q1">in, 15, ap_memory, L2_output_fmap_V, array</column>
</table>
</item>
</section>
</profile>
