<profile>

<section name = "Vitis HLS Report for 'process_element'" level="0">
<item name = "Date">Fri Jul  1 19:48:44 2022
</item>
<item name = "Version">2020.1 (Build 2902540 on Wed May 27 20:16:15 MDT 2020)</item>
<item name = "Project">OpenNNA_HLS_Network</item>
<item name = "Solution">OpenNNA_HLS_Network_solution1 (Vivado IP Flow Target)</item>
<item name = "Product family">zynq</item>
<item name = "Target device">xc7z020-clg400-2</item>
</section>

<section name = "Performance Estimates" level="0">
<item name = "Timing">
<section name = "" level="1">
<item name = "Summary"><table name="" hasTotal="0">
<keys size="4">Clock, Target, Estimated, Uncertainty</keys>
<column name="ap_clk">10.00 ns, 7.300 ns, 2.70 ns</column>
</table>
</item>
</section>
</item>
<item name = "Latency">
<section name = "" level="1">
<item name = "Summary"><table name="" hasTotal="0">
<keys size="8">, min, max, min, max, min, max, Type</keys>
<column name="">610678, 610678, 6.107 ms, 6.107 ms, 610679, 610679, none</column>
</table>
</item>
<item name = "Detail">
<section name = "" level="1">
<item name = "Instance"><table name="" hasTotal="0">
<keys size="9">Instance, Module, min, max, min, max, min, max, Type</keys>
<column name="grp_L3_conv2d_fu_2200">L3_conv2d, 432649, 432649, 4.326 ms, 4.326 ms, 432649, 432649, none</column>
<column name="grp_L1_conv2d_fu_2226">L1_conv2d, 72007, 72007, 0.720 ms, 0.720 ms, 72007, 72007, none</column>
</table>
</item>
<item name = "Loop"><table name="" hasTotal="0">
<keys size="8">Loop Name, min, max, Latency, achieved, target, Count, Pipelined</keys>
<column name="- Loop 1">1032, 1032, 10, 1, 1, 1024, yes</column>
<column name="- VITIS_LOOP_212_1_VITIS_LOOP_214_2_VITIS_LOOP_216_3">14401, 14401, 3, 1, 1, 14400, yes</column>
<column name="- VITIS_LOOP_76_1_VITIS_LOOP_78_2_VITIS_LOOP_80_3">7202, 7202, 5, 2, 1, 3600, yes</column>
<column name="- VITIS_LOOP_228_4_VITIS_LOOP_230_5_VITIS_LOOP_232_6">5414, 5414, 8, 1, 1, 5408, yes</column>
<column name="- VITIS_LOOP_139_1_VITIS_LOOP_141_2_VITIS_LOOP_143_3">2307, 2307, 6, 2, 1, 1152, yes</column>
<column name="- VITIS_LOOP_242_7_VITIS_LOOP_244_8_VITIS_LOOP_246_9">1153, 1153, 3, 1, 1, 1152, yes</column>
<column name="- VITIS_LOOP_167_1">74304, 74304, 1161, -, -, 64, no</column>
<column name=" + VITIS_LOOP_169_2">1157, 1157, 7, 1, 1, 1152, yes</column>
<column name="- VITIS_LOOP_256_10">64, 64, 2, 1, 1, 64, yes</column>
<column name="- VITIS_LOOP_187_1">77, 77, 69, 1, 1, 10, yes</column>
<column name="- Loop 10">11, 11, 3, 1, 1, 10, yes</column>
</table>
</item>
</section>
</item>
</section>
</item>
</section>
</profile>
