<?xml version="1.0" encoding="utf-8"?>
<Messages>
	<Message severity="INFO" prefix="[SCHED 204-61]" key="SCHED_PIPELINING_STATUS_631" tag="SCHEDULE" content="Option &apos;relax_ii_for_timing&apos; is enabled, will increase II to preserve clock frequency constraints."/>
	<Message severity="INFO" prefix="[HLS 200-10]" key="HLS_10_1312" tag="" content="Analyzing design file &apos;process_element.cpp&apos; ..."/>
	<Message severity="INFO" prefix="[HLS 200-111]" key="HLS_111_965" tag="" content="Finished Linking Time (s): cpu = 00:00:01 ; elapsed = 00:00:57 . Memory (MB): peak = 104.070 ; gain = 18.387"/>
	<Message severity="INFO" prefix="[HLS 200-111]" key="HLS_111_965" tag="" content="Finished Checking Pragmas Time (s): cpu = 00:00:01 ; elapsed = 00:00:57 . Memory (MB): peak = 104.070 ; gain = 18.387"/>
	<Message severity="INFO" prefix="[HLS 200-10]" key="HLS_10_1467" tag="" content="Starting code transformations ..."/>
	<Message severity="INFO" prefix="[HLS 200-111]" key="HLS_111_965" tag="" content="Finished Standard Transforms Time (s): cpu = 00:01:59 ; elapsed = 00:03:05 . Memory (MB): peak = 458.926 ; gain = 373.242"/>
	<Message severity="INFO" prefix="[HLS 200-10]" key="HLS_10_1472" tag="" content="Checking synthesizability ..."/>
	<Message severity="INFO" prefix="[XFORM 203-602]" key="XFORM_AUTO_INLINE_STATUS_223" tag="" content="Inlining function &apos;Relu&apos; into &apos;process_element&apos; (process_element.cpp:218) automatically."/>
	<Message severity="ERROR" prefix="[SYNCHK 200-11]" key="SYNCHK_TYPE_NO_SUPPORT_356" tag="" content="process_element.cpp:199: Argument &apos;input_fmap.V&apos; of function &apos;process_element&apos; (process_element.cpp:198) has an unsynthesizable type (possible cause(s): pointer to pointer or global pointer)."/>
	<Message severity="INFO" prefix="[SYNCHK 200-10]" key="SYNCHK_SYNCHK_SUMMARY_377" tag="" content="1 error(s), 0 warning(s)."/>
	<Message severity="ERROR" prefix="[HLS 200-70]" key="HLS_70_1855" tag="" content="Synthesizability check failed."/>
</Messages>
