<?xml version="1.0" encoding="utf-8"?>
<xd:acceleratorMap xmlns:xd="http://www.xilinx.com/xidane" xd:functionName="process_element" xd:componentRef="process_element" xd:initiationInterval="610679" xd:clockPeriod="10.000" xd:sequential="true" xd:hostMachine="64" xd:reset="control">
  <xd:returnValue xd:interfaceRef="s_axi_CTRL_BUS" xd:busTypeRef="axilite" xd:dataWidth="32" xd:offset="0x10" xd:statusOffset="0x14"/>
  <xd:controlReg xd:name="control" xd:interfaceRef="s_axi_CTRL_BUS" xd:busTypeRef="axilite" xd:type="generic_axi_lite" xd:offset="0x0"/>
  <xd:arg xd:name="*(input_fmap)" xd:originalName="input_fmap" xd:direction="inout" xd:interfaceRef="m_axi_INPUT_r" xd:busTypeRef="aximm" xd:arraySize="1024" xd:dataWidth="64" xd:bufferDirection="in"/>
  <xd:arg xd:name="*(output_fmap)" xd:originalName="output_fmap" xd:direction="inout" xd:interfaceRef="m_axi_OUTPUT_r" xd:busTypeRef="aximm" xd:arraySize="40" xd:dataWidth="16" xd:bufferDirection="out"/>
  <xd:arg xd:name="input_fmap" xd:originalName="input_fmap" xd:direction="in" xd:interfaceRef="s_axi_control" xd:busTypeRef="axilite" xd:aximmInterfaceRef="m_axi_INPUT_r" xd:dataWidth="64" xd:offset="0x10" xd:handshakeRef="ap_none"/>
  <xd:arg xd:name="output_fmap" xd:originalName="output_fmap" xd:direction="in" xd:interfaceRef="s_axi_control" xd:busTypeRef="axilite" xd:aximmInterfaceRef="m_axi_OUTPUT_r" xd:dataWidth="64" xd:offset="0x1C" xd:handshakeRef="ap_none"/>
  <xd:latencyEstimates xd:best-case="610678" xd:worst-case="610678" xd:average-case="610678"/>
  <xd:resourceEstimates xd:LUT="17524" xd:FF="8866" xd:BRAM="120" xd:DSP="87"/>
</xd:acceleratorMap>
