<?xml version="1.0" encoding="UTF-8"?>
<project>
  <core name="" type="" target="">
    <kernel name="process_element" language="c" vlnv="xilinx.com:hls:process_element:1.0" attributes="" hash="" preferredWorkGroupSizeMultiple="0" workGroupSize="1" debug="false" interrupt="true">
      <port name="M_AXI_INPUT_R" mode="master" range="0xFFFFFFFF" dataWidth="64" portType="addressable" base="0x00000000"/>
      <port name="M_AXI_OUTPUT_R" mode="master" range="0xFFFFFFFF" dataWidth="16" portType="addressable" base="0x00000000"/>
      <port name="S_AXI_CONTROL" mode="slave" range="0x1000" dataWidth="64" portType="addressable" base="0x00000000"/>
      <port name="S_AXI_CTRL_BUS" mode="slave" range="0x1000" dataWidth="64" portType="addressable" base="0x00000000"/>
      <arg name="input_fmap" addressQualifier="1" id="0" port="M_AXI_INPUT_R" size="0x4" offset="0x10" hostOffset="0x0" hostSize="0x4" type="long*"/>
      <arg name="output_fmap" addressQualifier="1" id="1" port="M_AXI_OUTPUT_R" size="0x4" offset="0x1C" hostOffset="0x0" hostSize="0x4" type="short*"/>
      <compileWorkGroupSize x="1" y="1" z="1"/>
    </kernel>
  </core>
</project>
