<?xml version="1.0" encoding="UTF-8"?>
<vivadoHLSLog:LogRoot xmlns:vivadoHLSLog="www.xilinx.com/vivadoHLSLog">
  <errorLogs>
    <logs>
      <synLog>
        <logs message="ERROR: [HLS 200-70] Synthesizability check failed.&#xD;&#xA;command 'ap_source' returned error code&#xD;&#xA;    while executing&#xD;&#xA;&quot;source F:/cnna/hls/hls_process_element/solution1/csynth.tcl&quot;&#xD;&#xA;    invoked from within&#xD;&#xA;&quot;hls::main F:/cnna/hls/hls_process_element/solution1/csynth.tcl&quot;&#xD;&#xA;    (&quot;uplevel&quot; body line 1)&#xD;&#xA;    invoked from within&#xD;&#xA;&quot;uplevel 1 hls::main {*}$args&quot;&#xD;&#xA;    (procedure &quot;hls_proc&quot; line 5)&#xD;&#xA;    invoked from within&#xD;&#xA;&quot;hls_proc $argv&quot;&#xD;&#xA;" projectName="hls_process_element" solutionName="solution1" date="2021-10-12T22:41:05.986+0100"/>
        <logs message="ERROR: [SYNCHK 200-11] process_element.cpp:199: Argument 'input_fmap.V' of function 'process_element' (process_element.cpp:198) has an unsynthesizable type (possible cause(s): pointer to pointer or global pointer)." projectName="hls_process_element" solutionName="solution1" date="2021-10-12T22:41:05.684+0100"/>
      </synLog>
      <simLog/>
      <mgLog/>
      <packageLog/>
      <csimLog/>
    </logs>
  </errorLogs>
  <warningLogs>
    <logs>
      <synLog/>
      <simLog/>
      <mgLog/>
      <packageLog/>
      <csimLog/>
    </logs>
  </warningLogs>
</vivadoHLSLog:LogRoot>
