{
  "Top": "process_element",
  "RtlTop": "process_element",
  "RtlPrefix": "",
  "RtlSubPrefix": "process_element_",
  "SourceLanguage": "cpp",
  "HostMachineBits": "64",
  "FunctionProtocol": "ap_ctrl_hs",
  "ResetStyle": "control",
  "Target": {
    "Family": "zynq",
    "Device": "xc7z020",
    "Package": "-clg400",
    "Speed": "-2",
    "Triple": "fpga64-xilinx-none"
  },
  "Args": {
    "input_fmap": {
      "index": "0",
      "direction": "in",
      "srcType": "ap_fixed<16, 8, AP_RND, AP_SAT, 0>**",
      "srcSize": "64",
      "hwRefs": [
        {
          "type": "interface",
          "interface": "m_axi_INPUT_r",
          "name": "",
          "usage": "data",
          "direction": "out"
        },
        {
          "type": "register",
          "interface": "s_axi_control",
          "name": "input_fmap_1",
          "usage": "address",
          "direction": "in"
        },
        {
          "type": "register",
          "interface": "s_axi_control",
          "name": "input_fmap_2",
          "usage": "address",
          "direction": "in"
        }
      ]
    },
    "output_fmap": {
      "index": "1",
      "direction": "out",
      "srcType": "ap_fixed<16, 8, AP_RND, AP_SAT, 0>**",
      "srcSize": "64",
      "hwRefs": [
        {
          "type": "interface",
          "interface": "m_axi_OUTPUT_r",
          "name": "",
          "usage": "data",
          "direction": "out"
        },
        {
          "type": "register",
          "interface": "s_axi_control",
          "name": "output_fmap_1",
          "usage": "address",
          "direction": "in"
        },
        {
          "type": "register",
          "interface": "s_axi_control",
          "name": "output_fmap_2",
          "usage": "address",
          "direction": "in"
        }
      ]
    }
  },
  "Return": {
    
  },
  "ReturnValue": {
    "srcType": "int",
    "srcSize": "32",
    "hwRefs": [{
        "type": "register",
        "interface": "s_axi_CTRL_BUS",
        "name": "ap_return",
        "usage": "data",
        "direction": "out"
      }]
  },
  "HlsSolution": {
    "FlowTarget": "vivado",
    "ConfigTcl": [
      "config_export -format=ip_catalog",
      "config_export -output=C:\/Users\/xddcore\/Desktop\/Work\/OpenNNA1.0\/OpenNNA_HLS_Network\/output_ipcore\/process_element.zip",
      "config_export -rtl=verilog"
    ],
    "DirectiveTcl": ["set_directive_top process_element -name process_element"],
    "ProfileOption": "0",
    "ProfileType": "none",
    "KernelName": "process_element"
  },
  "ClockInfo": {
    "ClockName": "ap_clk",
    "ClockPeriod": "10",
    "Uncertainty": "2.7",
    "IsCombinational": "0",
    "II": "x",
    "Latency": "610678"
  },
  "Xdc": {"OocClocks": ["create_clock -name ap_clk -period 10.000 [get_ports ap_clk]"]},
  "Ipx": {
    "Vendor": "xilinx.com",
    "Library": "hls",
    "Name": "process_element",
    "Version": "1.0",
    "DisplayName": "Process_element",
    "Revision": "",
    "Description": "An IP generated by Vivado HLS",
    "Taxonomy": "\/VIVADO_HLS_IP",
    "AutoFamilySupport": "",
    "ZipFile": "xilinx_com_hls_process_element_1_0.zip"
  },
  "Files": {
    "CSource": ["..\/..\/process_element.cpp"],
    "Vhdl": [
      "impl\/vhdl\/process_element_control_s_axi.vhd",
      "impl\/vhdl\/process_element_CTRL_BUS_s_axi.vhd",
      "impl\/vhdl\/process_element_INPUT_r_m_axi.vhd",
      "impl\/vhdl\/process_element_L1_conv2d.vhd",
      "impl\/vhdl\/process_element_L1_conv2d_L1_Kernel_V_0_0_0.vhd",
      "impl\/vhdl\/process_element_L1_conv2d_L1_Kernel_V_0_0_1.vhd",
      "impl\/vhdl\/process_element_L1_conv2d_L1_Kernel_V_0_0_2.vhd",
      "impl\/vhdl\/process_element_L1_conv2d_L1_Kernel_V_0_1_0.vhd",
      "impl\/vhdl\/process_element_L1_conv2d_L1_Kernel_V_0_1_1.vhd",
      "impl\/vhdl\/process_element_L1_conv2d_L1_Kernel_V_0_1_2.vhd",
      "impl\/vhdl\/process_element_L1_conv2d_L1_Kernel_V_0_2_0.vhd",
      "impl\/vhdl\/process_element_L1_conv2d_L1_Kernel_V_0_2_1.vhd",
      "impl\/vhdl\/process_element_L1_conv2d_L1_Kernel_V_0_2_2.vhd",
      "impl\/vhdl\/process_element_L1_input_fmap_0_V.vhd",
      "impl\/vhdl\/process_element_L1_output_fmap_ReLu_V.vhd",
      "impl\/vhdl\/process_element_L1_output_fmap_V.vhd",
      "impl\/vhdl\/process_element_L2_output_fmap_V.vhd",
      "impl\/vhdl\/process_element_L3_conv2d.vhd",
      "impl\/vhdl\/process_element_L3_conv2d_L3_Kernel_V_0_0.vhd",
      "impl\/vhdl\/process_element_L3_conv2d_L3_Kernel_V_0_1.vhd",
      "impl\/vhdl\/process_element_L3_conv2d_L3_Kernel_V_0_2.vhd",
      "impl\/vhdl\/process_element_L3_conv2d_L3_Kernel_V_1_0.vhd",
      "impl\/vhdl\/process_element_L3_conv2d_L3_Kernel_V_1_1.vhd",
      "impl\/vhdl\/process_element_L3_conv2d_L3_Kernel_V_1_2.vhd",
      "impl\/vhdl\/process_element_L3_conv2d_L3_Kernel_V_2_0.vhd",
      "impl\/vhdl\/process_element_L3_conv2d_L3_Kernel_V_2_1.vhd",
      "impl\/vhdl\/process_element_L3_conv2d_L3_Kernel_V_2_2.vhd",
      "impl\/vhdl\/process_element_L3_output_fmap_ReLu_V.vhd",
      "impl\/vhdl\/process_element_L3_output_fmap_V.vhd",
      "impl\/vhdl\/process_element_L4_output_fmap_V.vhd",
      "impl\/vhdl\/process_element_L5_neure_weights_V.vhd",
      "impl\/vhdl\/process_element_L5_output_fmap_ReLu_V.vhd",
      "impl\/vhdl\/process_element_L5_output_fmap_V.vhd",
      "impl\/vhdl\/process_element_L6_neure_weights_V_0.vhd",
      "impl\/vhdl\/process_element_L6_neure_weights_V_1.vhd",
      "impl\/vhdl\/process_element_L6_neure_weights_V_2.vhd",
      "impl\/vhdl\/process_element_L6_neure_weights_V_3.vhd",
      "impl\/vhdl\/process_element_L6_neure_weights_V_4.vhd",
      "impl\/vhdl\/process_element_L6_neure_weights_V_5.vhd",
      "impl\/vhdl\/process_element_L6_neure_weights_V_6.vhd",
      "impl\/vhdl\/process_element_L6_neure_weights_V_7.vhd",
      "impl\/vhdl\/process_element_L6_neure_weights_V_8.vhd",
      "impl\/vhdl\/process_element_L6_neure_weights_V_9.vhd",
      "impl\/vhdl\/process_element_L6_neure_weights_V_10.vhd",
      "impl\/vhdl\/process_element_L6_neure_weights_V_11.vhd",
      "impl\/vhdl\/process_element_L6_neure_weights_V_12.vhd",
      "impl\/vhdl\/process_element_L6_neure_weights_V_13.vhd",
      "impl\/vhdl\/process_element_L6_neure_weights_V_14.vhd",
      "impl\/vhdl\/process_element_L6_neure_weights_V_15.vhd",
      "impl\/vhdl\/process_element_L6_neure_weights_V_16.vhd",
      "impl\/vhdl\/process_element_L6_neure_weights_V_17.vhd",
      "impl\/vhdl\/process_element_L6_neure_weights_V_18.vhd",
      "impl\/vhdl\/process_element_L6_neure_weights_V_19.vhd",
      "impl\/vhdl\/process_element_L6_neure_weights_V_20.vhd",
      "impl\/vhdl\/process_element_L6_neure_weights_V_21.vhd",
      "impl\/vhdl\/process_element_L6_neure_weights_V_22.vhd",
      "impl\/vhdl\/process_element_L6_neure_weights_V_23.vhd",
      "impl\/vhdl\/process_element_L6_neure_weights_V_24.vhd",
      "impl\/vhdl\/process_element_L6_neure_weights_V_25.vhd",
      "impl\/vhdl\/process_element_L6_neure_weights_V_26.vhd",
      "impl\/vhdl\/process_element_L6_neure_weights_V_27.vhd",
      "impl\/vhdl\/process_element_L6_neure_weights_V_28.vhd",
      "impl\/vhdl\/process_element_L6_neure_weights_V_29.vhd",
      "impl\/vhdl\/process_element_L6_neure_weights_V_30.vhd",
      "impl\/vhdl\/process_element_L6_neure_weights_V_31.vhd",
      "impl\/vhdl\/process_element_L6_neure_weights_V_32.vhd",
      "impl\/vhdl\/process_element_L6_neure_weights_V_33.vhd",
      "impl\/vhdl\/process_element_L6_neure_weights_V_34.vhd",
      "impl\/vhdl\/process_element_L6_neure_weights_V_35.vhd",
      "impl\/vhdl\/process_element_L6_neure_weights_V_36.vhd",
      "impl\/vhdl\/process_element_L6_neure_weights_V_37.vhd",
      "impl\/vhdl\/process_element_L6_neure_weights_V_38.vhd",
      "impl\/vhdl\/process_element_L6_neure_weights_V_39.vhd",
      "impl\/vhdl\/process_element_L6_neure_weights_V_40.vhd",
      "impl\/vhdl\/process_element_L6_neure_weights_V_41.vhd",
      "impl\/vhdl\/process_element_L6_neure_weights_V_42.vhd",
      "impl\/vhdl\/process_element_L6_neure_weights_V_43.vhd",
      "impl\/vhdl\/process_element_L6_neure_weights_V_44.vhd",
      "impl\/vhdl\/process_element_L6_neure_weights_V_45.vhd",
      "impl\/vhdl\/process_element_L6_neure_weights_V_46.vhd",
      "impl\/vhdl\/process_element_L6_neure_weights_V_47.vhd",
      "impl\/vhdl\/process_element_L6_neure_weights_V_48.vhd",
      "impl\/vhdl\/process_element_L6_neure_weights_V_49.vhd",
      "impl\/vhdl\/process_element_L6_neure_weights_V_50.vhd",
      "impl\/vhdl\/process_element_L6_neure_weights_V_51.vhd",
      "impl\/vhdl\/process_element_L6_neure_weights_V_52.vhd",
      "impl\/vhdl\/process_element_L6_neure_weights_V_53.vhd",
      "impl\/vhdl\/process_element_L6_neure_weights_V_54.vhd",
      "impl\/vhdl\/process_element_L6_neure_weights_V_55.vhd",
      "impl\/vhdl\/process_element_L6_neure_weights_V_56.vhd",
      "impl\/vhdl\/process_element_L6_neure_weights_V_57.vhd",
      "impl\/vhdl\/process_element_L6_neure_weights_V_58.vhd",
      "impl\/vhdl\/process_element_L6_neure_weights_V_59.vhd",
      "impl\/vhdl\/process_element_L6_neure_weights_V_60.vhd",
      "impl\/vhdl\/process_element_L6_neure_weights_V_61.vhd",
      "impl\/vhdl\/process_element_L6_neure_weights_V_62.vhd",
      "impl\/vhdl\/process_element_L6_neure_weights_V_63.vhd",
      "impl\/vhdl\/process_element_L6_output_fmap_V.vhd",
      "impl\/vhdl\/process_element_mac_muladd_5ns_6ns_4ns_10_4_1.vhd",
      "impl\/vhdl\/process_element_mac_muladd_5ns_10ns_4ns_13_4_1.vhd",
      "impl\/vhdl\/process_element_mul_5ns_6ns_10_1_1.vhd",
      "impl\/vhdl\/process_element_mul_5ns_10ns_13_1_1.vhd",
      "impl\/vhdl\/process_element_mul_mul_6s_15ns_21_4_1.vhd",
      "impl\/vhdl\/process_element_mul_mul_7s_15ns_22_4_1.vhd",
      "impl\/vhdl\/process_element_mul_mul_8s_15ns_23_4_1.vhd",
      "impl\/vhdl\/process_element_mul_mul_15ns_6s_21_4_1.vhd",
      "impl\/vhdl\/process_element_mul_mul_15ns_7s_22_4_1.vhd",
      "impl\/vhdl\/process_element_mul_mul_16s_7s_23_4_1.vhd",
      "impl\/vhdl\/process_element_OUTPUT_r_m_axi.vhd",
      "impl\/vhdl\/process_element.vhd"
    ],
    "Verilog": [
      "impl\/verilog\/process_element_control_s_axi.v",
      "impl\/verilog\/process_element_CTRL_BUS_s_axi.v",
      "impl\/verilog\/process_element_INPUT_r_m_axi.v",
      "impl\/verilog\/process_element_L1_conv2d.v",
      "impl\/verilog\/process_element_L1_conv2d_L1_Kernel_V_0_0_0.v",
      "impl\/verilog\/process_element_L1_conv2d_L1_Kernel_V_0_0_0_rom.dat",
      "impl\/verilog\/process_element_L1_conv2d_L1_Kernel_V_0_0_1.v",
      "impl\/verilog\/process_element_L1_conv2d_L1_Kernel_V_0_0_1_rom.dat",
      "impl\/verilog\/process_element_L1_conv2d_L1_Kernel_V_0_0_2.v",
      "impl\/verilog\/process_element_L1_conv2d_L1_Kernel_V_0_0_2_rom.dat",
      "impl\/verilog\/process_element_L1_conv2d_L1_Kernel_V_0_1_0.v",
      "impl\/verilog\/process_element_L1_conv2d_L1_Kernel_V_0_1_0_rom.dat",
      "impl\/verilog\/process_element_L1_conv2d_L1_Kernel_V_0_1_1.v",
      "impl\/verilog\/process_element_L1_conv2d_L1_Kernel_V_0_1_1_rom.dat",
      "impl\/verilog\/process_element_L1_conv2d_L1_Kernel_V_0_1_2.v",
      "impl\/verilog\/process_element_L1_conv2d_L1_Kernel_V_0_1_2_rom.dat",
      "impl\/verilog\/process_element_L1_conv2d_L1_Kernel_V_0_2_0.v",
      "impl\/verilog\/process_element_L1_conv2d_L1_Kernel_V_0_2_0_rom.dat",
      "impl\/verilog\/process_element_L1_conv2d_L1_Kernel_V_0_2_1.v",
      "impl\/verilog\/process_element_L1_conv2d_L1_Kernel_V_0_2_1_rom.dat",
      "impl\/verilog\/process_element_L1_conv2d_L1_Kernel_V_0_2_2.v",
      "impl\/verilog\/process_element_L1_conv2d_L1_Kernel_V_0_2_2_rom.dat",
      "impl\/verilog\/process_element_L1_input_fmap_0_V.v",
      "impl\/verilog\/process_element_L1_output_fmap_ReLu_V.v",
      "impl\/verilog\/process_element_L1_output_fmap_ReLu_V_ram.dat",
      "impl\/verilog\/process_element_L1_output_fmap_V.v",
      "impl\/verilog\/process_element_L1_output_fmap_V_ram.dat",
      "impl\/verilog\/process_element_L2_output_fmap_V.v",
      "impl\/verilog\/process_element_L2_output_fmap_V_ram.dat",
      "impl\/verilog\/process_element_L3_conv2d.v",
      "impl\/verilog\/process_element_L3_conv2d_L3_Kernel_V_0_0.v",
      "impl\/verilog\/process_element_L3_conv2d_L3_Kernel_V_0_0_rom.dat",
      "impl\/verilog\/process_element_L3_conv2d_L3_Kernel_V_0_1.v",
      "impl\/verilog\/process_element_L3_conv2d_L3_Kernel_V_0_1_rom.dat",
      "impl\/verilog\/process_element_L3_conv2d_L3_Kernel_V_0_2.v",
      "impl\/verilog\/process_element_L3_conv2d_L3_Kernel_V_0_2_rom.dat",
      "impl\/verilog\/process_element_L3_conv2d_L3_Kernel_V_1_0.v",
      "impl\/verilog\/process_element_L3_conv2d_L3_Kernel_V_1_0_rom.dat",
      "impl\/verilog\/process_element_L3_conv2d_L3_Kernel_V_1_1.v",
      "impl\/verilog\/process_element_L3_conv2d_L3_Kernel_V_1_1_rom.dat",
      "impl\/verilog\/process_element_L3_conv2d_L3_Kernel_V_1_2.v",
      "impl\/verilog\/process_element_L3_conv2d_L3_Kernel_V_1_2_rom.dat",
      "impl\/verilog\/process_element_L3_conv2d_L3_Kernel_V_2_0.v",
      "impl\/verilog\/process_element_L3_conv2d_L3_Kernel_V_2_0_rom.dat",
      "impl\/verilog\/process_element_L3_conv2d_L3_Kernel_V_2_1.v",
      "impl\/verilog\/process_element_L3_conv2d_L3_Kernel_V_2_1_rom.dat",
      "impl\/verilog\/process_element_L3_conv2d_L3_Kernel_V_2_2.v",
      "impl\/verilog\/process_element_L3_conv2d_L3_Kernel_V_2_2_rom.dat",
      "impl\/verilog\/process_element_L3_output_fmap_ReLu_V.v",
      "impl\/verilog\/process_element_L3_output_fmap_ReLu_V_ram.dat",
      "impl\/verilog\/process_element_L3_output_fmap_V.v",
      "impl\/verilog\/process_element_L3_output_fmap_V_ram.dat",
      "impl\/verilog\/process_element_L4_output_fmap_V.v",
      "impl\/verilog\/process_element_L4_output_fmap_V_ram.dat",
      "impl\/verilog\/process_element_L5_neure_weights_V.v",
      "impl\/verilog\/process_element_L5_neure_weights_V_rom.dat",
      "impl\/verilog\/process_element_L5_output_fmap_ReLu_V.v",
      "impl\/verilog\/process_element_L5_output_fmap_ReLu_V_ram.dat",
      "impl\/verilog\/process_element_L5_output_fmap_V.v",
      "impl\/verilog\/process_element_L5_output_fmap_V_ram.dat",
      "impl\/verilog\/process_element_L6_neure_weights_V_0.v",
      "impl\/verilog\/process_element_L6_neure_weights_V_0_rom.dat",
      "impl\/verilog\/process_element_L6_neure_weights_V_1.v",
      "impl\/verilog\/process_element_L6_neure_weights_V_1_rom.dat",
      "impl\/verilog\/process_element_L6_neure_weights_V_2.v",
      "impl\/verilog\/process_element_L6_neure_weights_V_2_rom.dat",
      "impl\/verilog\/process_element_L6_neure_weights_V_3.v",
      "impl\/verilog\/process_element_L6_neure_weights_V_3_rom.dat",
      "impl\/verilog\/process_element_L6_neure_weights_V_4.v",
      "impl\/verilog\/process_element_L6_neure_weights_V_4_rom.dat",
      "impl\/verilog\/process_element_L6_neure_weights_V_5.v",
      "impl\/verilog\/process_element_L6_neure_weights_V_5_rom.dat",
      "impl\/verilog\/process_element_L6_neure_weights_V_6.v",
      "impl\/verilog\/process_element_L6_neure_weights_V_6_rom.dat",
      "impl\/verilog\/process_element_L6_neure_weights_V_7.v",
      "impl\/verilog\/process_element_L6_neure_weights_V_7_rom.dat",
      "impl\/verilog\/process_element_L6_neure_weights_V_8.v",
      "impl\/verilog\/process_element_L6_neure_weights_V_8_rom.dat",
      "impl\/verilog\/process_element_L6_neure_weights_V_9.v",
      "impl\/verilog\/process_element_L6_neure_weights_V_9_rom.dat",
      "impl\/verilog\/process_element_L6_neure_weights_V_10.v",
      "impl\/verilog\/process_element_L6_neure_weights_V_10_rom.dat",
      "impl\/verilog\/process_element_L6_neure_weights_V_11.v",
      "impl\/verilog\/process_element_L6_neure_weights_V_11_rom.dat",
      "impl\/verilog\/process_element_L6_neure_weights_V_12.v",
      "impl\/verilog\/process_element_L6_neure_weights_V_12_rom.dat",
      "impl\/verilog\/process_element_L6_neure_weights_V_13.v",
      "impl\/verilog\/process_element_L6_neure_weights_V_13_rom.dat",
      "impl\/verilog\/process_element_L6_neure_weights_V_14.v",
      "impl\/verilog\/process_element_L6_neure_weights_V_14_rom.dat",
      "impl\/verilog\/process_element_L6_neure_weights_V_15.v",
      "impl\/verilog\/process_element_L6_neure_weights_V_15_rom.dat",
      "impl\/verilog\/process_element_L6_neure_weights_V_16.v",
      "impl\/verilog\/process_element_L6_neure_weights_V_16_rom.dat",
      "impl\/verilog\/process_element_L6_neure_weights_V_17.v",
      "impl\/verilog\/process_element_L6_neure_weights_V_17_rom.dat",
      "impl\/verilog\/process_element_L6_neure_weights_V_18.v",
      "impl\/verilog\/process_element_L6_neure_weights_V_18_rom.dat",
      "impl\/verilog\/process_element_L6_neure_weights_V_19.v",
      "impl\/verilog\/process_element_L6_neure_weights_V_19_rom.dat",
      "impl\/verilog\/process_element_L6_neure_weights_V_20.v",
      "impl\/verilog\/process_element_L6_neure_weights_V_20_rom.dat",
      "impl\/verilog\/process_element_L6_neure_weights_V_21.v",
      "impl\/verilog\/process_element_L6_neure_weights_V_21_rom.dat",
      "impl\/verilog\/process_element_L6_neure_weights_V_22.v",
      "impl\/verilog\/process_element_L6_neure_weights_V_22_rom.dat",
      "impl\/verilog\/process_element_L6_neure_weights_V_23.v",
      "impl\/verilog\/process_element_L6_neure_weights_V_23_rom.dat",
      "impl\/verilog\/process_element_L6_neure_weights_V_24.v",
      "impl\/verilog\/process_element_L6_neure_weights_V_24_rom.dat",
      "impl\/verilog\/process_element_L6_neure_weights_V_25.v",
      "impl\/verilog\/process_element_L6_neure_weights_V_25_rom.dat",
      "impl\/verilog\/process_element_L6_neure_weights_V_26.v",
      "impl\/verilog\/process_element_L6_neure_weights_V_26_rom.dat",
      "impl\/verilog\/process_element_L6_neure_weights_V_27.v",
      "impl\/verilog\/process_element_L6_neure_weights_V_27_rom.dat",
      "impl\/verilog\/process_element_L6_neure_weights_V_28.v",
      "impl\/verilog\/process_element_L6_neure_weights_V_28_rom.dat",
      "impl\/verilog\/process_element_L6_neure_weights_V_29.v",
      "impl\/verilog\/process_element_L6_neure_weights_V_29_rom.dat",
      "impl\/verilog\/process_element_L6_neure_weights_V_30.v",
      "impl\/verilog\/process_element_L6_neure_weights_V_30_rom.dat",
      "impl\/verilog\/process_element_L6_neure_weights_V_31.v",
      "impl\/verilog\/process_element_L6_neure_weights_V_31_rom.dat",
      "impl\/verilog\/process_element_L6_neure_weights_V_32.v",
      "impl\/verilog\/process_element_L6_neure_weights_V_32_rom.dat",
      "impl\/verilog\/process_element_L6_neure_weights_V_33.v",
      "impl\/verilog\/process_element_L6_neure_weights_V_33_rom.dat",
      "impl\/verilog\/process_element_L6_neure_weights_V_34.v",
      "impl\/verilog\/process_element_L6_neure_weights_V_34_rom.dat",
      "impl\/verilog\/process_element_L6_neure_weights_V_35.v",
      "impl\/verilog\/process_element_L6_neure_weights_V_35_rom.dat",
      "impl\/verilog\/process_element_L6_neure_weights_V_36.v",
      "impl\/verilog\/process_element_L6_neure_weights_V_36_rom.dat",
      "impl\/verilog\/process_element_L6_neure_weights_V_37.v",
      "impl\/verilog\/process_element_L6_neure_weights_V_37_rom.dat",
      "impl\/verilog\/process_element_L6_neure_weights_V_38.v",
      "impl\/verilog\/process_element_L6_neure_weights_V_38_rom.dat",
      "impl\/verilog\/process_element_L6_neure_weights_V_39.v",
      "impl\/verilog\/process_element_L6_neure_weights_V_39_rom.dat",
      "impl\/verilog\/process_element_L6_neure_weights_V_40.v",
      "impl\/verilog\/process_element_L6_neure_weights_V_40_rom.dat",
      "impl\/verilog\/process_element_L6_neure_weights_V_41.v",
      "impl\/verilog\/process_element_L6_neure_weights_V_41_rom.dat",
      "impl\/verilog\/process_element_L6_neure_weights_V_42.v",
      "impl\/verilog\/process_element_L6_neure_weights_V_42_rom.dat",
      "impl\/verilog\/process_element_L6_neure_weights_V_43.v",
      "impl\/verilog\/process_element_L6_neure_weights_V_43_rom.dat",
      "impl\/verilog\/process_element_L6_neure_weights_V_44.v",
      "impl\/verilog\/process_element_L6_neure_weights_V_44_rom.dat",
      "impl\/verilog\/process_element_L6_neure_weights_V_45.v",
      "impl\/verilog\/process_element_L6_neure_weights_V_45_rom.dat",
      "impl\/verilog\/process_element_L6_neure_weights_V_46.v",
      "impl\/verilog\/process_element_L6_neure_weights_V_46_rom.dat",
      "impl\/verilog\/process_element_L6_neure_weights_V_47.v",
      "impl\/verilog\/process_element_L6_neure_weights_V_47_rom.dat",
      "impl\/verilog\/process_element_L6_neure_weights_V_48.v",
      "impl\/verilog\/process_element_L6_neure_weights_V_48_rom.dat",
      "impl\/verilog\/process_element_L6_neure_weights_V_49.v",
      "impl\/verilog\/process_element_L6_neure_weights_V_49_rom.dat",
      "impl\/verilog\/process_element_L6_neure_weights_V_50.v",
      "impl\/verilog\/process_element_L6_neure_weights_V_50_rom.dat",
      "impl\/verilog\/process_element_L6_neure_weights_V_51.v",
      "impl\/verilog\/process_element_L6_neure_weights_V_51_rom.dat",
      "impl\/verilog\/process_element_L6_neure_weights_V_52.v",
      "impl\/verilog\/process_element_L6_neure_weights_V_52_rom.dat",
      "impl\/verilog\/process_element_L6_neure_weights_V_53.v",
      "impl\/verilog\/process_element_L6_neure_weights_V_53_rom.dat",
      "impl\/verilog\/process_element_L6_neure_weights_V_54.v",
      "impl\/verilog\/process_element_L6_neure_weights_V_54_rom.dat",
      "impl\/verilog\/process_element_L6_neure_weights_V_55.v",
      "impl\/verilog\/process_element_L6_neure_weights_V_55_rom.dat",
      "impl\/verilog\/process_element_L6_neure_weights_V_56.v",
      "impl\/verilog\/process_element_L6_neure_weights_V_56_rom.dat",
      "impl\/verilog\/process_element_L6_neure_weights_V_57.v",
      "impl\/verilog\/process_element_L6_neure_weights_V_57_rom.dat",
      "impl\/verilog\/process_element_L6_neure_weights_V_58.v",
      "impl\/verilog\/process_element_L6_neure_weights_V_58_rom.dat",
      "impl\/verilog\/process_element_L6_neure_weights_V_59.v",
      "impl\/verilog\/process_element_L6_neure_weights_V_59_rom.dat",
      "impl\/verilog\/process_element_L6_neure_weights_V_60.v",
      "impl\/verilog\/process_element_L6_neure_weights_V_60_rom.dat",
      "impl\/verilog\/process_element_L6_neure_weights_V_61.v",
      "impl\/verilog\/process_element_L6_neure_weights_V_61_rom.dat",
      "impl\/verilog\/process_element_L6_neure_weights_V_62.v",
      "impl\/verilog\/process_element_L6_neure_weights_V_62_rom.dat",
      "impl\/verilog\/process_element_L6_neure_weights_V_63.v",
      "impl\/verilog\/process_element_L6_neure_weights_V_63_rom.dat",
      "impl\/verilog\/process_element_L6_output_fmap_V.v",
      "impl\/verilog\/process_element_L6_output_fmap_V_ram.dat",
      "impl\/verilog\/process_element_mac_muladd_5ns_6ns_4ns_10_4_1.v",
      "impl\/verilog\/process_element_mac_muladd_5ns_10ns_4ns_13_4_1.v",
      "impl\/verilog\/process_element_mul_5ns_6ns_10_1_1.v",
      "impl\/verilog\/process_element_mul_5ns_10ns_13_1_1.v",
      "impl\/verilog\/process_element_mul_mul_6s_15ns_21_4_1.v",
      "impl\/verilog\/process_element_mul_mul_7s_15ns_22_4_1.v",
      "impl\/verilog\/process_element_mul_mul_8s_15ns_23_4_1.v",
      "impl\/verilog\/process_element_mul_mul_15ns_6s_21_4_1.v",
      "impl\/verilog\/process_element_mul_mul_15ns_7s_22_4_1.v",
      "impl\/verilog\/process_element_mul_mul_16s_7s_23_4_1.v",
      "impl\/verilog\/process_element_OUTPUT_r_m_axi.v",
      "impl\/verilog\/process_element.v"
    ],
    "SwDriver": [
      "impl\/misc\/drivers\/process_element_v1_0\/data\/process_element.mdd",
      "impl\/misc\/drivers\/process_element_v1_0\/data\/process_element.tcl",
      "impl\/misc\/drivers\/process_element_v1_0\/src\/Makefile",
      "impl\/misc\/drivers\/process_element_v1_0\/src\/xprocess_element.c",
      "impl\/misc\/drivers\/process_element_v1_0\/src\/xprocess_element.h",
      "impl\/misc\/drivers\/process_element_v1_0\/src\/xprocess_element_hw.h",
      "impl\/misc\/drivers\/process_element_v1_0\/src\/xprocess_element_linux.c",
      "impl\/misc\/drivers\/process_element_v1_0\/src\/xprocess_element_sinit.c"
    ],
    "IpMisc": ["impl\/misc\/logo.png"],
    "DesignXml": ".autopilot\/db\/process_element.design.xml",
    "DebugDir": ".debug",
    "ProtoInst": ["C:\/Users\/xddcore\/Desktop\/Work\/OpenNNA1.0\/OpenNNA_HLS_Network\/OpenNNA_HLS_Network\/OpenNNA_HLS_Network_solution1\/.debug\/process_element.protoinst"]
  },
  "SubcoreInfo": {
    "HasXpmMemory": false,
    "HasClockedDsp": false,
    "Ip": []
  },
  "Interfaces": {
    "ap_clk": {
      "type": "clock",
      "busTypeName": "clock",
      "mode": "slave",
      "busParams": {
        "ASSOCIATED_BUSIF": "s_axi_CTRL_BUS:s_axi_control:m_axi_INPUT_r:m_axi_OUTPUT_r",
        "ASSOCIATED_RESET": "ap_rst_n"
      },
      "portMap": {"ap_clk": "CLK"},
      "ports": ["ap_clk"]
    },
    "ap_rst_n": {
      "type": "reset",
      "busTypeName": "reset",
      "mode": "slave",
      "busParams": {"POLARITY": "ACTIVE_LOW"},
      "portMap": {"ap_rst_n": "RST"},
      "ports": ["ap_rst_n"]
    },
    "interrupt": {
      "type": "interrupt",
      "busTypeName": "interrupt",
      "mode": "master",
      "dataWidth": "1",
      "busParams": {"SENSITIVITY": "LEVEL_HIGH"},
      "portMap": {"interrupt": "INTERRUPT"},
      "ports": ["interrupt"]
    },
    "m_axi_INPUT_r": {
      "type": "axi4full",
      "busTypeName": "aximm",
      "mode": "master",
      "dataWidth": "64",
      "addrWidth": "64",
      "portPrefix": "m_axi_INPUT_r_",
      "paramPrefix": "C_M_AXI_INPUT_R_",
      "offsetSlaveName": "s_axi_control",
      "preferredUsageValue": "MEMORY",
      "busParams": {
        "NUM_READ_OUTSTANDING": "16",
        "NUM_WRITE_OUTSTANDING": "16",
        "MAX_READ_BURST_LENGTH": "16",
        "MAX_WRITE_BURST_LENGTH": "16",
        "MAX_BURST_LENGTH": "256",
        "PROTOCOL": "AXI4",
        "READ_WRITE_MODE": "READ_WRITE",
        "HAS_BURST": "0",
        "SUPPORTS_NARROW_BURST": "0"
      },
      "ports": [
        "m_axi_INPUT_r_ARADDR",
        "m_axi_INPUT_r_ARBURST",
        "m_axi_INPUT_r_ARCACHE",
        "m_axi_INPUT_r_ARID",
        "m_axi_INPUT_r_ARLEN",
        "m_axi_INPUT_r_ARLOCK",
        "m_axi_INPUT_r_ARPROT",
        "m_axi_INPUT_r_ARQOS",
        "m_axi_INPUT_r_ARREADY",
        "m_axi_INPUT_r_ARREGION",
        "m_axi_INPUT_r_ARSIZE",
        "m_axi_INPUT_r_ARUSER",
        "m_axi_INPUT_r_ARVALID",
        "m_axi_INPUT_r_AWADDR",
        "m_axi_INPUT_r_AWBURST",
        "m_axi_INPUT_r_AWCACHE",
        "m_axi_INPUT_r_AWID",
        "m_axi_INPUT_r_AWLEN",
        "m_axi_INPUT_r_AWLOCK",
        "m_axi_INPUT_r_AWPROT",
        "m_axi_INPUT_r_AWQOS",
        "m_axi_INPUT_r_AWREADY",
        "m_axi_INPUT_r_AWREGION",
        "m_axi_INPUT_r_AWSIZE",
        "m_axi_INPUT_r_AWUSER",
        "m_axi_INPUT_r_AWVALID",
        "m_axi_INPUT_r_BID",
        "m_axi_INPUT_r_BREADY",
        "m_axi_INPUT_r_BRESP",
        "m_axi_INPUT_r_BUSER",
        "m_axi_INPUT_r_BVALID",
        "m_axi_INPUT_r_RDATA",
        "m_axi_INPUT_r_RID",
        "m_axi_INPUT_r_RLAST",
        "m_axi_INPUT_r_RREADY",
        "m_axi_INPUT_r_RRESP",
        "m_axi_INPUT_r_RUSER",
        "m_axi_INPUT_r_RVALID",
        "m_axi_INPUT_r_WDATA",
        "m_axi_INPUT_r_WID",
        "m_axi_INPUT_r_WLAST",
        "m_axi_INPUT_r_WREADY",
        "m_axi_INPUT_r_WSTRB",
        "m_axi_INPUT_r_WUSER",
        "m_axi_INPUT_r_WVALID"
      ]
    },
    "m_axi_OUTPUT_r": {
      "type": "axi4full",
      "busTypeName": "aximm",
      "mode": "master",
      "dataWidth": "32",
      "addrWidth": "64",
      "portPrefix": "m_axi_OUTPUT_r_",
      "paramPrefix": "C_M_AXI_OUTPUT_R_",
      "offsetSlaveName": "s_axi_control",
      "preferredUsageValue": "MEMORY",
      "busParams": {
        "NUM_READ_OUTSTANDING": "16",
        "NUM_WRITE_OUTSTANDING": "16",
        "MAX_READ_BURST_LENGTH": "16",
        "MAX_WRITE_BURST_LENGTH": "16",
        "MAX_BURST_LENGTH": "256",
        "PROTOCOL": "AXI4",
        "READ_WRITE_MODE": "READ_WRITE",
        "HAS_BURST": "0",
        "SUPPORTS_NARROW_BURST": "0"
      },
      "ports": [
        "m_axi_OUTPUT_r_ARADDR",
        "m_axi_OUTPUT_r_ARBURST",
        "m_axi_OUTPUT_r_ARCACHE",
        "m_axi_OUTPUT_r_ARID",
        "m_axi_OUTPUT_r_ARLEN",
        "m_axi_OUTPUT_r_ARLOCK",
        "m_axi_OUTPUT_r_ARPROT",
        "m_axi_OUTPUT_r_ARQOS",
        "m_axi_OUTPUT_r_ARREADY",
        "m_axi_OUTPUT_r_ARREGION",
        "m_axi_OUTPUT_r_ARSIZE",
        "m_axi_OUTPUT_r_ARUSER",
        "m_axi_OUTPUT_r_ARVALID",
        "m_axi_OUTPUT_r_AWADDR",
        "m_axi_OUTPUT_r_AWBURST",
        "m_axi_OUTPUT_r_AWCACHE",
        "m_axi_OUTPUT_r_AWID",
        "m_axi_OUTPUT_r_AWLEN",
        "m_axi_OUTPUT_r_AWLOCK",
        "m_axi_OUTPUT_r_AWPROT",
        "m_axi_OUTPUT_r_AWQOS",
        "m_axi_OUTPUT_r_AWREADY",
        "m_axi_OUTPUT_r_AWREGION",
        "m_axi_OUTPUT_r_AWSIZE",
        "m_axi_OUTPUT_r_AWUSER",
        "m_axi_OUTPUT_r_AWVALID",
        "m_axi_OUTPUT_r_BID",
        "m_axi_OUTPUT_r_BREADY",
        "m_axi_OUTPUT_r_BRESP",
        "m_axi_OUTPUT_r_BUSER",
        "m_axi_OUTPUT_r_BVALID",
        "m_axi_OUTPUT_r_RDATA",
        "m_axi_OUTPUT_r_RID",
        "m_axi_OUTPUT_r_RLAST",
        "m_axi_OUTPUT_r_RREADY",
        "m_axi_OUTPUT_r_RRESP",
        "m_axi_OUTPUT_r_RUSER",
        "m_axi_OUTPUT_r_RVALID",
        "m_axi_OUTPUT_r_WDATA",
        "m_axi_OUTPUT_r_WID",
        "m_axi_OUTPUT_r_WLAST",
        "m_axi_OUTPUT_r_WREADY",
        "m_axi_OUTPUT_r_WSTRB",
        "m_axi_OUTPUT_r_WUSER",
        "m_axi_OUTPUT_r_WVALID"
      ]
    },
    "s_axi_control": {
      "type": "axi4lite",
      "busTypeName": "aximm",
      "mode": "slave",
      "dataWidth": "32",
      "addrWidth": "6",
      "portPrefix": "s_axi_control_",
      "paramPrefix": "C_S_AXI_CONTROL_",
      "ports": [
        "s_axi_control_ARADDR",
        "s_axi_control_ARREADY",
        "s_axi_control_ARVALID",
        "s_axi_control_AWADDR",
        "s_axi_control_AWREADY",
        "s_axi_control_AWVALID",
        "s_axi_control_BREADY",
        "s_axi_control_BRESP",
        "s_axi_control_BVALID",
        "s_axi_control_RDATA",
        "s_axi_control_RREADY",
        "s_axi_control_RRESP",
        "s_axi_control_RVALID",
        "s_axi_control_WDATA",
        "s_axi_control_WREADY",
        "s_axi_control_WSTRB",
        "s_axi_control_WVALID"
      ],
      "registers": [
        {
          "offset": "0x10",
          "name": "input_fmap_1",
          "access": "W",
          "resetValue": "0x0",
          "description": "Data signal of input_fmap",
          "range": "32",
          "fields": [{
              "offset": "0",
              "width": "32",
              "name": "input_fmap",
              "access": "W",
              "resetValue": "0",
              "description": "Bit 31 to 0 of input_fmap"
            }]
        },
        {
          "offset": "0x14",
          "name": "input_fmap_2",
          "access": "W",
          "resetValue": "0x0",
          "description": "Data signal of input_fmap",
          "range": "32",
          "fields": [{
              "offset": "0",
              "width": "32",
              "name": "input_fmap",
              "access": "W",
              "resetValue": "0",
              "description": "Bit 63 to 32 of input_fmap"
            }]
        },
        {
          "offset": "0x1c",
          "name": "output_fmap_1",
          "access": "W",
          "resetValue": "0x0",
          "description": "Data signal of output_fmap",
          "range": "32",
          "fields": [{
              "offset": "0",
              "width": "32",
              "name": "output_fmap",
              "access": "W",
              "resetValue": "0",
              "description": "Bit 31 to 0 of output_fmap"
            }]
        },
        {
          "offset": "0x20",
          "name": "output_fmap_2",
          "access": "W",
          "resetValue": "0x0",
          "description": "Data signal of output_fmap",
          "range": "32",
          "fields": [{
              "offset": "0",
              "width": "32",
              "name": "output_fmap",
              "access": "W",
              "resetValue": "0",
              "description": "Bit 63 to 32 of output_fmap"
            }]
        }
      ]
    },
    "s_axi_CTRL_BUS": {
      "type": "axi4lite",
      "busTypeName": "aximm",
      "mode": "slave",
      "dataWidth": "32",
      "addrWidth": "5",
      "portPrefix": "s_axi_CTRL_BUS_",
      "paramPrefix": "C_S_AXI_CTRL_BUS_",
      "ports": [
        "s_axi_CTRL_BUS_ARADDR",
        "s_axi_CTRL_BUS_ARREADY",
        "s_axi_CTRL_BUS_ARVALID",
        "s_axi_CTRL_BUS_AWADDR",
        "s_axi_CTRL_BUS_AWREADY",
        "s_axi_CTRL_BUS_AWVALID",
        "s_axi_CTRL_BUS_BREADY",
        "s_axi_CTRL_BUS_BRESP",
        "s_axi_CTRL_BUS_BVALID",
        "s_axi_CTRL_BUS_RDATA",
        "s_axi_CTRL_BUS_RREADY",
        "s_axi_CTRL_BUS_RRESP",
        "s_axi_CTRL_BUS_RVALID",
        "s_axi_CTRL_BUS_WDATA",
        "s_axi_CTRL_BUS_WREADY",
        "s_axi_CTRL_BUS_WSTRB",
        "s_axi_CTRL_BUS_WVALID"
      ],
      "registers": [
        {
          "offset": "0x00",
          "name": "CTRL",
          "access": "RW",
          "resetValue": "0x0",
          "description": "Control signals",
          "range": "32",
          "fields": [
            {
              "offset": "0",
              "width": "1",
              "name": "AP_START",
              "access": "RW",
              "resetValue": "0",
              "description": "Control signal Register for 'ap_start'."
            },
            {
              "offset": "1",
              "width": "1",
              "name": "AP_DONE",
              "access": "R",
              "resetValue": "0",
              "description": "Control signal Register for 'ap_done'."
            },
            {
              "offset": "2",
              "width": "1",
              "name": "AP_IDLE",
              "access": "R",
              "resetValue": "0",
              "description": "Control signal Register for 'ap_idle'."
            },
            {
              "offset": "3",
              "width": "1",
              "name": "AP_READY",
              "access": "R",
              "resetValue": "0",
              "description": "Control signal Register for 'ap_ready'."
            },
            {
              "offset": "4",
              "width": "3",
              "name": "RESERVED_1",
              "access": "R",
              "resetValue": "0",
              "description": "Reserved.  0s on read."
            },
            {
              "offset": "7",
              "width": "1",
              "name": "AUTO_RESTART",
              "access": "RW",
              "resetValue": "0",
              "description": "Control signal Register for 'auto_restart'."
            },
            {
              "offset": "8",
              "width": "24",
              "name": "RESERVED_2",
              "access": "R",
              "resetValue": "0",
              "description": "Reserved.  0s on read."
            }
          ]
        },
        {
          "offset": "0x04",
          "name": "GIER",
          "access": "RW",
          "resetValue": "0x0",
          "description": "Global Interrupt Enable Register",
          "range": "32",
          "fields": [
            {
              "offset": "0",
              "width": "1",
              "name": "Enable",
              "access": "RW",
              "resetValue": "0",
              "description": "Master enable for the device interrupt output to the system interrupt controller: 0 = Disabled, 1 = Enabled"
            },
            {
              "offset": "1",
              "width": "31",
              "name": "RESERVED",
              "access": "R",
              "resetValue": "0",
              "description": "Reserved.  0s on read."
            }
          ]
        },
        {
          "offset": "0x08",
          "name": "IP_IER",
          "access": "RW",
          "resetValue": "0x0",
          "description": "IP Interrupt Enable Register",
          "range": "32",
          "fields": [
            {
              "offset": "0",
              "width": "1",
              "name": "CHAN0_INT_EN",
              "access": "RW",
              "resetValue": "0",
              "description": "Enable Channel 0 (ap_done) Interrupt.  0 = Disabled, 1 = Enabled."
            },
            {
              "offset": "1",
              "width": "1",
              "name": "CHAN1_INT_EN",
              "access": "RW",
              "resetValue": "0",
              "description": "Enable Channel 1 (ap_ready) Interrupt.  0 = Disabled, 1 = Enabled."
            },
            {
              "offset": "2",
              "width": "30",
              "name": "RESERVED",
              "access": "R",
              "resetValue": "0",
              "description": "Reserved.  0s on read."
            }
          ]
        },
        {
          "offset": "0x0c",
          "name": "IP_ISR",
          "access": "RW",
          "resetValue": "0x0",
          "description": "IP Interrupt Status Register",
          "range": "32",
          "fields": [
            {
              "offset": "0",
              "width": "1",
              "name": "CHAN0_INT_ST",
              "access": "RTOW",
              "resetValue": "0",
              "description": "Channel 0 (ap_done) Interrupt Status. 0 = No Channel 0 input interrupt, 1 = Channel 0 input interrup"
            },
            {
              "offset": "1",
              "width": "1",
              "name": "CHAN1_INT_ST",
              "access": "RTOW",
              "resetValue": "0",
              "description": "Channel 1 (ap_ready) Interrupt Status. 0 = No Channel 1 input interrupt, 1 = Channel 1 input interrup"
            },
            {
              "offset": "2",
              "width": "30",
              "name": "RESERVED",
              "access": "R",
              "resetValue": "0",
              "description": "Reserved.  0s on read."
            }
          ]
        },
        {
          "offset": "0x10",
          "name": "ap_return",
          "access": "R",
          "resetValue": "0x0",
          "description": "Data signal of ap_return",
          "range": "32",
          "fields": [{
              "offset": "0",
              "width": "32",
              "name": "ap_return",
              "access": "R",
              "resetValue": "0",
              "description": "Bit 31 to 0 of ap_return"
            }]
        }
      ]
    }
  },
  "RtlPorts": {
    "s_axi_CTRL_BUS_AWVALID": {
      "dir": "in",
      "width": "1"
    },
    "s_axi_CTRL_BUS_AWREADY": {
      "dir": "out",
      "width": "1"
    },
    "s_axi_CTRL_BUS_AWADDR": {
      "dir": "in",
      "width": "5"
    },
    "s_axi_CTRL_BUS_WVALID": {
      "dir": "in",
      "width": "1"
    },
    "s_axi_CTRL_BUS_WREADY": {
      "dir": "out",
      "width": "1"
    },
    "s_axi_CTRL_BUS_WDATA": {
      "dir": "in",
      "width": "32"
    },
    "s_axi_CTRL_BUS_WSTRB": {
      "dir": "in",
      "width": "4"
    },
    "s_axi_CTRL_BUS_ARVALID": {
      "dir": "in",
      "width": "1"
    },
    "s_axi_CTRL_BUS_ARREADY": {
      "dir": "out",
      "width": "1"
    },
    "s_axi_CTRL_BUS_ARADDR": {
      "dir": "in",
      "width": "5"
    },
    "s_axi_CTRL_BUS_RVALID": {
      "dir": "out",
      "width": "1"
    },
    "s_axi_CTRL_BUS_RREADY": {
      "dir": "in",
      "width": "1"
    },
    "s_axi_CTRL_BUS_RDATA": {
      "dir": "out",
      "width": "32"
    },
    "s_axi_CTRL_BUS_RRESP": {
      "dir": "out",
      "width": "2"
    },
    "s_axi_CTRL_BUS_BVALID": {
      "dir": "out",
      "width": "1"
    },
    "s_axi_CTRL_BUS_BREADY": {
      "dir": "in",
      "width": "1"
    },
    "s_axi_CTRL_BUS_BRESP": {
      "dir": "out",
      "width": "2"
    },
    "s_axi_control_AWVALID": {
      "dir": "in",
      "width": "1"
    },
    "s_axi_control_AWREADY": {
      "dir": "out",
      "width": "1"
    },
    "s_axi_control_AWADDR": {
      "dir": "in",
      "width": "6"
    },
    "s_axi_control_WVALID": {
      "dir": "in",
      "width": "1"
    },
    "s_axi_control_WREADY": {
      "dir": "out",
      "width": "1"
    },
    "s_axi_control_WDATA": {
      "dir": "in",
      "width": "32"
    },
    "s_axi_control_WSTRB": {
      "dir": "in",
      "width": "4"
    },
    "s_axi_control_ARVALID": {
      "dir": "in",
      "width": "1"
    },
    "s_axi_control_ARREADY": {
      "dir": "out",
      "width": "1"
    },
    "s_axi_control_ARADDR": {
      "dir": "in",
      "width": "6"
    },
    "s_axi_control_RVALID": {
      "dir": "out",
      "width": "1"
    },
    "s_axi_control_RREADY": {
      "dir": "in",
      "width": "1"
    },
    "s_axi_control_RDATA": {
      "dir": "out",
      "width": "32"
    },
    "s_axi_control_RRESP": {
      "dir": "out",
      "width": "2"
    },
    "s_axi_control_BVALID": {
      "dir": "out",
      "width": "1"
    },
    "s_axi_control_BREADY": {
      "dir": "in",
      "width": "1"
    },
    "s_axi_control_BRESP": {
      "dir": "out",
      "width": "2"
    },
    "ap_clk": {
      "dir": "in",
      "width": "1"
    },
    "ap_rst_n": {
      "dir": "in",
      "width": "1"
    },
    "interrupt": {
      "dir": "out",
      "width": "1"
    },
    "m_axi_INPUT_r_AWVALID": {
      "dir": "out",
      "width": "1"
    },
    "m_axi_INPUT_r_AWREADY": {
      "dir": "in",
      "width": "1"
    },
    "m_axi_INPUT_r_AWADDR": {
      "dir": "out",
      "width": "64"
    },
    "m_axi_INPUT_r_AWID": {
      "dir": "out",
      "width": "1",
      "isVector": "true"
    },
    "m_axi_INPUT_r_AWLEN": {
      "dir": "out",
      "width": "8"
    },
    "m_axi_INPUT_r_AWSIZE": {
      "dir": "out",
      "width": "3"
    },
    "m_axi_INPUT_r_AWBURST": {
      "dir": "out",
      "width": "2"
    },
    "m_axi_INPUT_r_AWLOCK": {
      "dir": "out",
      "width": "2"
    },
    "m_axi_INPUT_r_AWCACHE": {
      "dir": "out",
      "width": "4"
    },
    "m_axi_INPUT_r_AWPROT": {
      "dir": "out",
      "width": "3"
    },
    "m_axi_INPUT_r_AWQOS": {
      "dir": "out",
      "width": "4"
    },
    "m_axi_INPUT_r_AWREGION": {
      "dir": "out",
      "width": "4"
    },
    "m_axi_INPUT_r_AWUSER": {
      "dir": "out",
      "width": "1",
      "isVector": "true"
    },
    "m_axi_INPUT_r_WVALID": {
      "dir": "out",
      "width": "1"
    },
    "m_axi_INPUT_r_WREADY": {
      "dir": "in",
      "width": "1"
    },
    "m_axi_INPUT_r_WDATA": {
      "dir": "out",
      "width": "64"
    },
    "m_axi_INPUT_r_WSTRB": {
      "dir": "out",
      "width": "8"
    },
    "m_axi_INPUT_r_WLAST": {
      "dir": "out",
      "width": "1"
    },
    "m_axi_INPUT_r_WID": {
      "dir": "out",
      "width": "1",
      "isVector": "true"
    },
    "m_axi_INPUT_r_WUSER": {
      "dir": "out",
      "width": "1",
      "isVector": "true"
    },
    "m_axi_INPUT_r_ARVALID": {
      "dir": "out",
      "width": "1"
    },
    "m_axi_INPUT_r_ARREADY": {
      "dir": "in",
      "width": "1"
    },
    "m_axi_INPUT_r_ARADDR": {
      "dir": "out",
      "width": "64"
    },
    "m_axi_INPUT_r_ARID": {
      "dir": "out",
      "width": "1",
      "isVector": "true"
    },
    "m_axi_INPUT_r_ARLEN": {
      "dir": "out",
      "width": "8"
    },
    "m_axi_INPUT_r_ARSIZE": {
      "dir": "out",
      "width": "3"
    },
    "m_axi_INPUT_r_ARBURST": {
      "dir": "out",
      "width": "2"
    },
    "m_axi_INPUT_r_ARLOCK": {
      "dir": "out",
      "width": "2"
    },
    "m_axi_INPUT_r_ARCACHE": {
      "dir": "out",
      "width": "4"
    },
    "m_axi_INPUT_r_ARPROT": {
      "dir": "out",
      "width": "3"
    },
    "m_axi_INPUT_r_ARQOS": {
      "dir": "out",
      "width": "4"
    },
    "m_axi_INPUT_r_ARREGION": {
      "dir": "out",
      "width": "4"
    },
    "m_axi_INPUT_r_ARUSER": {
      "dir": "out",
      "width": "1",
      "isVector": "true"
    },
    "m_axi_INPUT_r_RVALID": {
      "dir": "in",
      "width": "1"
    },
    "m_axi_INPUT_r_RREADY": {
      "dir": "out",
      "width": "1"
    },
    "m_axi_INPUT_r_RDATA": {
      "dir": "in",
      "width": "64"
    },
    "m_axi_INPUT_r_RLAST": {
      "dir": "in",
      "width": "1"
    },
    "m_axi_INPUT_r_RID": {
      "dir": "in",
      "width": "1",
      "isVector": "true"
    },
    "m_axi_INPUT_r_RUSER": {
      "dir": "in",
      "width": "1",
      "isVector": "true"
    },
    "m_axi_INPUT_r_RRESP": {
      "dir": "in",
      "width": "2"
    },
    "m_axi_INPUT_r_BVALID": {
      "dir": "in",
      "width": "1"
    },
    "m_axi_INPUT_r_BREADY": {
      "dir": "out",
      "width": "1"
    },
    "m_axi_INPUT_r_BRESP": {
      "dir": "in",
      "width": "2"
    },
    "m_axi_INPUT_r_BID": {
      "dir": "in",
      "width": "1",
      "isVector": "true"
    },
    "m_axi_INPUT_r_BUSER": {
      "dir": "in",
      "width": "1",
      "isVector": "true"
    },
    "m_axi_OUTPUT_r_AWVALID": {
      "dir": "out",
      "width": "1"
    },
    "m_axi_OUTPUT_r_AWREADY": {
      "dir": "in",
      "width": "1"
    },
    "m_axi_OUTPUT_r_AWADDR": {
      "dir": "out",
      "width": "64"
    },
    "m_axi_OUTPUT_r_AWID": {
      "dir": "out",
      "width": "1",
      "isVector": "true"
    },
    "m_axi_OUTPUT_r_AWLEN": {
      "dir": "out",
      "width": "8"
    },
    "m_axi_OUTPUT_r_AWSIZE": {
      "dir": "out",
      "width": "3"
    },
    "m_axi_OUTPUT_r_AWBURST": {
      "dir": "out",
      "width": "2"
    },
    "m_axi_OUTPUT_r_AWLOCK": {
      "dir": "out",
      "width": "2"
    },
    "m_axi_OUTPUT_r_AWCACHE": {
      "dir": "out",
      "width": "4"
    },
    "m_axi_OUTPUT_r_AWPROT": {
      "dir": "out",
      "width": "3"
    },
    "m_axi_OUTPUT_r_AWQOS": {
      "dir": "out",
      "width": "4"
    },
    "m_axi_OUTPUT_r_AWREGION": {
      "dir": "out",
      "width": "4"
    },
    "m_axi_OUTPUT_r_AWUSER": {
      "dir": "out",
      "width": "1",
      "isVector": "true"
    },
    "m_axi_OUTPUT_r_WVALID": {
      "dir": "out",
      "width": "1"
    },
    "m_axi_OUTPUT_r_WREADY": {
      "dir": "in",
      "width": "1"
    },
    "m_axi_OUTPUT_r_WDATA": {
      "dir": "out",
      "width": "32"
    },
    "m_axi_OUTPUT_r_WSTRB": {
      "dir": "out",
      "width": "4"
    },
    "m_axi_OUTPUT_r_WLAST": {
      "dir": "out",
      "width": "1"
    },
    "m_axi_OUTPUT_r_WID": {
      "dir": "out",
      "width": "1",
      "isVector": "true"
    },
    "m_axi_OUTPUT_r_WUSER": {
      "dir": "out",
      "width": "1",
      "isVector": "true"
    },
    "m_axi_OUTPUT_r_ARVALID": {
      "dir": "out",
      "width": "1"
    },
    "m_axi_OUTPUT_r_ARREADY": {
      "dir": "in",
      "width": "1"
    },
    "m_axi_OUTPUT_r_ARADDR": {
      "dir": "out",
      "width": "64"
    },
    "m_axi_OUTPUT_r_ARID": {
      "dir": "out",
      "width": "1",
      "isVector": "true"
    },
    "m_axi_OUTPUT_r_ARLEN": {
      "dir": "out",
      "width": "8"
    },
    "m_axi_OUTPUT_r_ARSIZE": {
      "dir": "out",
      "width": "3"
    },
    "m_axi_OUTPUT_r_ARBURST": {
      "dir": "out",
      "width": "2"
    },
    "m_axi_OUTPUT_r_ARLOCK": {
      "dir": "out",
      "width": "2"
    },
    "m_axi_OUTPUT_r_ARCACHE": {
      "dir": "out",
      "width": "4"
    },
    "m_axi_OUTPUT_r_ARPROT": {
      "dir": "out",
      "width": "3"
    },
    "m_axi_OUTPUT_r_ARQOS": {
      "dir": "out",
      "width": "4"
    },
    "m_axi_OUTPUT_r_ARREGION": {
      "dir": "out",
      "width": "4"
    },
    "m_axi_OUTPUT_r_ARUSER": {
      "dir": "out",
      "width": "1",
      "isVector": "true"
    },
    "m_axi_OUTPUT_r_RVALID": {
      "dir": "in",
      "width": "1"
    },
    "m_axi_OUTPUT_r_RREADY": {
      "dir": "out",
      "width": "1"
    },
    "m_axi_OUTPUT_r_RDATA": {
      "dir": "in",
      "width": "32"
    },
    "m_axi_OUTPUT_r_RLAST": {
      "dir": "in",
      "width": "1"
    },
    "m_axi_OUTPUT_r_RID": {
      "dir": "in",
      "width": "1",
      "isVector": "true"
    },
    "m_axi_OUTPUT_r_RUSER": {
      "dir": "in",
      "width": "1",
      "isVector": "true"
    },
    "m_axi_OUTPUT_r_RRESP": {
      "dir": "in",
      "width": "2"
    },
    "m_axi_OUTPUT_r_BVALID": {
      "dir": "in",
      "width": "1"
    },
    "m_axi_OUTPUT_r_BREADY": {
      "dir": "out",
      "width": "1"
    },
    "m_axi_OUTPUT_r_BRESP": {
      "dir": "in",
      "width": "2"
    },
    "m_axi_OUTPUT_r_BID": {
      "dir": "in",
      "width": "1",
      "isVector": "true"
    },
    "m_axi_OUTPUT_r_BUSER": {
      "dir": "in",
      "width": "1",
      "isVector": "true"
    }
  },
  "ModuleInfo": {
    "Hierarchy": {
      "ModuleName": "process_element",
      "Instances": [
        {
          "ModuleName": "L3_conv2d",
          "InstanceName": "grp_L3_conv2d_fu_2200"
        },
        {
          "ModuleName": "L1_conv2d",
          "InstanceName": "grp_L1_conv2d_fu_2226"
        }
      ]
    },
    "Info": {
      "L1_conv2d": {
        "FunctionProtocol": "ap_ctrl_hs",
        "isTaskLevelControl": "0",
        "isPipelined": "0",
        "isCombinational": "0",
        "isOneStateSeq": "0"
      },
      "L3_conv2d": {
        "FunctionProtocol": "ap_ctrl_hs",
        "isTaskLevelControl": "0",
        "isPipelined": "0",
        "isCombinational": "0",
        "isOneStateSeq": "0"
      },
      "process_element": {
        "FunctionProtocol": "ap_ctrl_hs",
        "isTaskLevelControl": "0",
        "isPipelined": "0",
        "isCombinational": "0",
        "isOneStateSeq": "0"
      }
    },
    "Metrics": {
      "L1_conv2d": {
        "Latency": {
          "LatencyBest": "72007",
          "LatencyAvg": "72007",
          "LatencyWorst": "72007",
          "PipelineII": "72007",
          "PipelineDepth": "",
          "PipelineType": "none"
        },
        "Timing": {
          "Target": "10.00",
          "Uncertainty": "2.70",
          "Estimate": "7.155"
        },
        "Loops": [{
            "Name": "VITIS_LOOP_45_1_VITIS_LOOP_49_3_VITIS_LOOP_51_4",
            "TripCount": "14400",
            "Latency": "72005",
            "PipelineII": "5",
            "PipelineDepth": "11"
          }],
        "Area": {
          "BRAM_18K": "0",
          "AVAIL_BRAM": "280",
          "UTIL_BRAM": "0",
          "DSP": "9",
          "AVAIL_DSP": "220",
          "UTIL_DSP": "4",
          "FF": "532",
          "AVAIL_FF": "106400",
          "UTIL_FF": "~0",
          "LUT": "1756",
          "AVAIL_LUT": "53200",
          "UTIL_LUT": "3",
          "URAM": "0",
          "AVAIL_URAM": "0",
          "UTIL_URAM": "0"
        }
      },
      "L3_conv2d": {
        "Latency": {
          "LatencyBest": "432649",
          "LatencyAvg": "432649",
          "LatencyWorst": "432649",
          "PipelineII": "432649",
          "PipelineDepth": "",
          "PipelineType": "none"
        },
        "Timing": {
          "Target": "10.00",
          "Uncertainty": "2.70",
          "Estimate": "7.280"
        },
        "Loops": [{
            "Name": "VITIS_LOOP_108_1_VITIS_LOOP_112_3_VITIS_LOOP_114_4",
            "TripCount": "86528",
            "Latency": "432647",
            "PipelineII": "5",
            "PipelineDepth": "13"
          }],
        "Area": {
          "BRAM_18K": "9",
          "AVAIL_BRAM": "280",
          "UTIL_BRAM": "3",
          "DSP": "11",
          "AVAIL_DSP": "220",
          "UTIL_DSP": "5",
          "FF": "691",
          "AVAIL_FF": "106400",
          "UTIL_FF": "~0",
          "LUT": "2175",
          "AVAIL_LUT": "53200",
          "UTIL_LUT": "4",
          "URAM": "0",
          "AVAIL_URAM": "0",
          "UTIL_URAM": "0"
        }
      },
      "process_element": {
        "Latency": {
          "LatencyBest": "610678",
          "LatencyAvg": "610678",
          "LatencyWorst": "610678",
          "PipelineII": "610679",
          "PipelineDepth": "",
          "PipelineType": "none"
        },
        "Timing": {
          "Target": "10.00",
          "Uncertainty": "2.70",
          "Estimate": "7.300"
        },
        "Loops": [
          {
            "Name": "Loop 1",
            "TripCount": "1024",
            "Latency": "1032",
            "PipelineII": "1",
            "PipelineDepth": "10"
          },
          {
            "Name": "VITIS_LOOP_212_1_VITIS_LOOP_214_2_VITIS_LOOP_216_3",
            "TripCount": "14400",
            "Latency": "14401",
            "PipelineII": "1",
            "PipelineDepth": "3"
          },
          {
            "Name": "VITIS_LOOP_76_1_VITIS_LOOP_78_2_VITIS_LOOP_80_3",
            "TripCount": "3600",
            "Latency": "7202",
            "PipelineII": "2",
            "PipelineDepth": "5"
          },
          {
            "Name": "VITIS_LOOP_228_4_VITIS_LOOP_230_5_VITIS_LOOP_232_6",
            "TripCount": "5408",
            "Latency": "5414",
            "PipelineII": "1",
            "PipelineDepth": "8"
          },
          {
            "Name": "VITIS_LOOP_139_1_VITIS_LOOP_141_2_VITIS_LOOP_143_3",
            "TripCount": "1152",
            "Latency": "2307",
            "PipelineII": "2",
            "PipelineDepth": "6"
          },
          {
            "Name": "VITIS_LOOP_242_7_VITIS_LOOP_244_8_VITIS_LOOP_246_9",
            "TripCount": "1152",
            "Latency": "1153",
            "PipelineII": "1",
            "PipelineDepth": "3"
          },
          {
            "Name": "VITIS_LOOP_167_1",
            "TripCount": "64",
            "Latency": "74304",
            "PipelineII": "",
            "PipelineDepth": "1161",
            "Loops": [{
                "Name": "VITIS_LOOP_169_2",
                "TripCount": "1152",
                "Latency": "1157",
                "PipelineII": "1",
                "PipelineDepth": "7"
              }]
          },
          {
            "Name": "VITIS_LOOP_256_10",
            "TripCount": "64",
            "Latency": "64",
            "PipelineII": "1",
            "PipelineDepth": "2"
          },
          {
            "Name": "VITIS_LOOP_187_1",
            "TripCount": "10",
            "Latency": "77",
            "PipelineII": "1",
            "PipelineDepth": "69"
          },
          {
            "Name": "Loop 10",
            "TripCount": "10",
            "Latency": "11",
            "PipelineII": "1",
            "PipelineDepth": "3"
          }
        ],
        "Area": {
          "BRAM_18K": "120",
          "AVAIL_BRAM": "280",
          "UTIL_BRAM": "42",
          "DSP": "87",
          "AVAIL_DSP": "220",
          "UTIL_DSP": "39",
          "FF": "8866",
          "AVAIL_FF": "106400",
          "UTIL_FF": "8",
          "LUT": "17524",
          "AVAIL_LUT": "53200",
          "UTIL_LUT": "32",
          "URAM": "0",
          "AVAIL_URAM": "0",
          "UTIL_URAM": "0"
        }
      }
    }
  },
  "GenerateBdFiles": "0",
  "GenData": {
    "DataVersion": "0.2",
    "Time": "2022-07-01 19:49:03 +0800",
    "ToolName": "vivado_hls",
    "ToolVersion": "2020.1"
  }
}
