<?xml version="1.0" encoding="UTF-8"?>
<vivadoHLSLog:LogRoot xmlns:vivadoHLSLog="www.xilinx.com/vivadoHLSLog">
  <errorLogs>
    <logs>
      <synLog/>
      <simLog/>
      <mgLog/>
      <packageLog>
        <logs message="ERROR: [IMPL 213-28] Failed to generate IP.&#xD;&#xA;command 'ap_source' returned error code&#xD;&#xA;    while executing&#xD;&#xA;&quot;source C:/Users/xddcore/Desktop/Work/OpenNNA1.0/OpenNNA_HLS_Network/OpenNNA_HLS_Network/OpenNNA_HLS_Network_solution1/export.tcl&quot;&#xD;&#xA;    invoked from within&#xD;&#xA;&quot;hls::main C:/Users/xddcore/Desktop/Work/OpenNNA1.0/OpenNNA_HLS_Network/OpenNNA_HLS_Network/OpenNNA_HLS_Network_solution1/export.tcl&quot;&#xD;&#xA;    (&quot;uplevel&quot; body line 1)&#xD;&#xA;    invoked from within&#xD;&#xA;&quot;uplevel 1 hls::main {*}$args&quot;&#xD;&#xA;    (procedure &quot;hls_proc&quot; line 5)&#xD;&#xA;    invoked from within&#xD;&#xA;&quot;hls_proc $argv&quot;&#xD;&#xA;" projectName="OpenNNA_HLS_Network" solutionName="OpenNNA_HLS_Network_solution1" date="2022-07-01T19:52:41.329+0800"/>
        <logs message="ERROR: [IMPL 213-28] Failed to generate IP.&#xD;&#xA;command 'ap_source' returned error code&#xD;&#xA;    while executing&#xD;&#xA;&quot;source C:/Users/xddcore/Desktop/Work/OpenNNA1.0/OpenNNA_HLS_Network/OpenNNA_HLS_Network/OpenNNA_HLS_Network_solution1/export.tcl&quot;&#xD;&#xA;    invoked from within&#xD;&#xA;&quot;hls::main C:/Users/xddcore/Desktop/Work/OpenNNA1.0/OpenNNA_HLS_Network/OpenNNA_HLS_Network/OpenNNA_HLS_Network_solution1/export.tcl&quot;&#xD;&#xA;    (&quot;uplevel&quot; body line 1)&#xD;&#xA;    invoked from within&#xD;&#xA;&quot;uplevel 1 hls::main {*}$args&quot;&#xD;&#xA;    (procedure &quot;hls_proc&quot; line 5)&#xD;&#xA;    invoked from within&#xD;&#xA;&quot;hls_proc $argv&quot;&#xD;&#xA;" projectName="OpenNNA_HLS_Network" solutionName="OpenNNA_HLS_Network_solution1" date="2022-07-01T19:51:00.883+0800"/>
        <logs message="ERROR: [IMPL 213-28] Failed to generate IP.&#xD;&#xA;command 'ap_source' returned error code&#xD;&#xA;    while executing&#xD;&#xA;&quot;source C:/Users/xddcore/Desktop/Work/OpenNNA1.0/OpenNNA_HLS_Network/OpenNNA_HLS_Network/OpenNNA_HLS_Network_solution1/export.tcl&quot;&#xD;&#xA;    invoked from within&#xD;&#xA;&quot;hls::main C:/Users/xddcore/Desktop/Work/OpenNNA1.0/OpenNNA_HLS_Network/OpenNNA_HLS_Network/OpenNNA_HLS_Network_solution1/export.tcl&quot;&#xD;&#xA;    (&quot;uplevel&quot; body line 1)&#xD;&#xA;    invoked from within&#xD;&#xA;&quot;uplevel 1 hls::main {*}$args&quot;&#xD;&#xA;    (procedure &quot;hls_proc&quot; line 5)&#xD;&#xA;    invoked from within&#xD;&#xA;&quot;hls_proc $argv&quot;&#xD;&#xA;" projectName="OpenNNA_HLS_Network" solutionName="OpenNNA_HLS_Network_solution1" date="2022-07-01T19:50:20.970+0800"/>
      </packageLog>
      <csimLog/>
    </logs>
  </errorLogs>
  <warningLogs>
    <logs>
      <synLog>
        <logs message="WARNING: [RTGEN 206-101] Design contains AXI ports. Reset is fixed to synchronous and active low." projectName="OpenNNA_HLS_Network" solutionName="OpenNNA_HLS_Network_solution1" date="2022-07-01T19:48:47.549+0800" type="Warning"/>
        <logs message="WARNING: [HLS 200-885] Unable to schedule 'load' operation ('L3_output_fmap_ReLu_V_load_2') on array 'L3_output_fmap_ReLu_V' due to limited memory ports. Please consider using a memory core with more ports or partitioning the array 'L3_output_fmap_ReLu_V'.&#xD;&#xA;Resolution: For help on HLS 200-885 see www.xilinx.com/html_docs/xilinx2020_1/hls-guidance/200-885.html" projectName="OpenNNA_HLS_Network" solutionName="OpenNNA_HLS_Network_solution1" date="2022-07-01T19:48:42.362+0800" type="Warning"/>
        <logs message="WARNING: [HLS 200-885] Unable to schedule 'load' operation ('L1_output_fmap_ReLu_V_load_2') on array 'L1_output_fmap_ReLu_V' due to limited memory ports. Please consider using a memory core with more ports or partitioning the array 'L1_output_fmap_ReLu_V'.&#xD;&#xA;Resolution: For help on HLS 200-885 see www.xilinx.com/html_docs/xilinx2020_1/hls-guidance/200-885.html" projectName="OpenNNA_HLS_Network" solutionName="OpenNNA_HLS_Network_solution1" date="2022-07-01T19:48:42.319+0800" type="Warning"/>
        <logs message="WARNING: [HLS 200-885] Unable to schedule 'load' operation ('L2_output_fmap_V_load_2') on array 'L2_output_fmap_V' due to limited memory ports. Please consider using a memory core with more ports or partitioning the array 'L2_output_fmap_V'.&#xD;&#xA;Resolution: For help on HLS 200-885 see www.xilinx.com/html_docs/xilinx2020_1/hls-guidance/200-885.html" projectName="OpenNNA_HLS_Network" solutionName="OpenNNA_HLS_Network_solution1" date="2022-07-01T19:48:39.972+0800" type="Warning"/>
        <logs message="WARNING: [HLS 200-885] Unable to schedule 'load' operation ('input_fmap_0_load_2') on array 'input_fmap_0' due to limited memory ports. Please consider using a memory core with more ports or partitioning the array 'input_fmap_0'.&#xD;&#xA;Resolution: For help on HLS 200-885 see www.xilinx.com/html_docs/xilinx2020_1/hls-guidance/200-885.html" projectName="OpenNNA_HLS_Network" solutionName="OpenNNA_HLS_Network_solution1" date="2022-07-01T19:48:39.351+0800" type="Warning"/>
        <logs message="WARNING: [SYN 201-107] Renaming port name 'process_element/OUTPUT' to 'process_element/OUTPUT_r' to avoid the conflict with HDL keywords or other object names." projectName="OpenNNA_HLS_Network" solutionName="OpenNNA_HLS_Network_solution1" date="2022-07-01T19:48:39.146+0800" type="Warning"/>
        <logs message="WARNING: [SYN 201-107] Renaming port name 'process_element/INPUT' to 'process_element/INPUT_r' to avoid the conflict with HDL keywords or other object names." projectName="OpenNNA_HLS_Network" solutionName="OpenNNA_HLS_Network_solution1" date="2022-07-01T19:48:39.140+0800" type="Warning"/>
        <logs message="WARNING: [HLS 200-960] Cannot flatten loop 'VITIS_LOOP_167_1' (process_element.cpp:166:6) in function 'process_element' the outer loop is not a perfect loop.&#xD;&#xA;Resolution: For help on HLS 200-960 see www.xilinx.com/html_docs/xilinx2020_1/hls-guidance/200-960.html" projectName="OpenNNA_HLS_Network" solutionName="OpenNNA_HLS_Network_solution1" date="2022-07-01T19:48:31.425+0800" type="Warning"/>
        <logs message="WARNING: [ANALYSIS 214-31] The program may have out of bound access of array variable 'L1_input_fmap[0].V' in function 'process_element'." projectName="OpenNNA_HLS_Network" solutionName="OpenNNA_HLS_Network_solution1" date="2022-07-01T19:48:30.335+0800" type="Warning"/>
      </synLog>
      <simLog/>
      <mgLog/>
      <packageLog/>
      <csimLog/>
    </logs>
  </warningLogs>
</vivadoHLSLog:LogRoot>
